Country,Sex,Age,Date,Excess
Mexico,b,0,2020-03-01,0
Mexico,b,0,2020-03-08,0
Mexico,b,0,2020-03-15,0
Mexico,b,0,2020-03-22,0
Mexico,b,0,2020-03-29,0
Mexico,b,0,2020-04-05,0
Mexico,b,0,2020-04-12,0
Mexico,b,0,2020-04-19,0
Mexico,b,0,2020-04-26,0
Mexico,b,0,2020-05-03,0
Mexico,b,0,2020-05-10,0
Mexico,b,0,2020-05-17,0
Mexico,b,0,2020-05-24,0
Mexico,b,0,2020-05-31,0
Mexico,b,0,2020-06-07,0
Mexico,b,0,2020-06-14,0
Mexico,b,0,2020-06-21,0
Mexico,b,0,2020-06-28,0
Mexico,b,0,2020-07-05,0
Mexico,b,0,2020-07-12,0
Mexico,b,0,2020-07-19,0
Mexico,b,0,2020-07-26,0
Mexico,b,0,2020-08-02,0
Mexico,b,0,2020-08-09,0
Mexico,b,0,2020-08-16,0
Mexico,b,0,2020-08-23,0
Mexico,b,0,2020-08-30,0
Mexico,b,0,2020-09-06,0
Mexico,b,0,2020-09-13,0
Mexico,b,0,2020-09-20,0
Mexico,b,0,2020-09-27,0
Mexico,b,0,2020-10-04,0
Mexico,b,0,2020-10-11,0
Mexico,b,0,2020-10-18,0
Mexico,b,0,2020-10-25,0
Mexico,b,0,2020-11-01,0
Mexico,b,0,2020-11-08,0
Mexico,b,0,2020-11-15,0
Mexico,b,0,2020-11-22,0
Mexico,b,0,2020-11-29,0
Mexico,b,0,2020-12-06,0
Mexico,b,0,2020-12-13,0
Mexico,b,0,2020-12-20,0
Mexico,b,0,2020-12-27,0
Mexico,b,0,2021-01-03,0
Mexico,b,10,2020-03-01,0
Mexico,b,10,2020-03-08,0
Mexico,b,10,2020-03-15,0
Mexico,b,10,2020-03-22,0
Mexico,b,10,2020-03-29,0
Mexico,b,10,2020-04-05,0
Mexico,b,10,2020-04-12,0
Mexico,b,10,2020-04-19,0
Mexico,b,10,2020-04-26,0
Mexico,b,10,2020-05-03,0
Mexico,b,10,2020-05-10,0
Mexico,b,10,2020-05-17,0
Mexico,b,10,2020-05-24,18.31492131968311
Mexico,b,10,2020-05-31,18.31492131968311
Mexico,b,10,2020-06-07,18.31492131968311
Mexico,b,10,2020-06-14,18.31492131968311
Mexico,b,10,2020-06-21,18.31492131968311
Mexico,b,10,2020-06-28,18.31492131968311
Mexico,b,10,2020-07-05,18.31492131968311
Mexico,b,10,2020-07-12,18.31492131968311
Mexico,b,10,2020-07-19,18.31492131968311
Mexico,b,10,2020-07-26,18.31492131968311
Mexico,b,10,2020-08-02,18.31492131968311
Mexico,b,10,2020-08-09,18.31492131968311
Mexico,b,10,2020-08-16,18.31492131968311
Mexico,b,10,2020-08-23,18.31492131968311
Mexico,b,10,2020-08-30,18.31492131968311
Mexico,b,10,2020-09-06,18.31492131968311
Mexico,b,10,2020-09-13,18.31492131968311
Mexico,b,10,2020-09-20,18.31492131968311
Mexico,b,10,2020-09-27,18.31492131968311
Mexico,b,10,2020-10-04,18.31492131968311
Mexico,b,10,2020-10-11,18.31492131968311
Mexico,b,10,2020-10-18,18.31492131968311
Mexico,b,10,2020-10-25,18.31492131968311
Mexico,b,10,2020-11-01,18.31492131968311
Mexico,b,10,2020-11-08,18.31492131968311
Mexico,b,10,2020-11-15,18.31492131968311
Mexico,b,10,2020-11-22,18.31492131968311
Mexico,b,10,2020-11-29,18.31492131968311
Mexico,b,10,2020-12-06,18.31492131968311
Mexico,b,10,2020-12-13,18.31492131968311
Mexico,b,10,2020-12-20,18.31492131968311
Mexico,b,10,2020-12-27,18.31492131968311
Mexico,b,10,2021-01-03,18.31492131968311
Mexico,b,15,2020-03-01,0
Mexico,b,15,2020-03-08,0
Mexico,b,15,2020-03-15,0
Mexico,b,15,2020-03-22,0
Mexico,b,15,2020-03-29,34.95360543175141
Mexico,b,15,2020-04-05,34.95360543175141
Mexico,b,15,2020-04-12,34.95360543175141
Mexico,b,15,2020-04-19,34.95360543175141
Mexico,b,15,2020-04-26,34.95360543175141
Mexico,b,15,2020-05-03,34.95360543175141
Mexico,b,15,2020-05-10,34.95360543175141
Mexico,b,15,2020-05-17,34.95360543175141
Mexico,b,15,2020-05-24,34.95360543175141
Mexico,b,15,2020-05-31,34.95360543175141
Mexico,b,15,2020-06-07,34.95360543175141
Mexico,b,15,2020-06-14,34.95360543175141
Mexico,b,15,2020-06-21,34.95360543175141
Mexico,b,15,2020-06-28,34.95360543175141
Mexico,b,15,2020-07-05,65.28826830959943
Mexico,b,15,2020-07-12,65.28826830959943
Mexico,b,15,2020-07-19,65.28826830959943
Mexico,b,15,2020-07-26,65.28826830959943
Mexico,b,15,2020-08-02,65.28826830959943
Mexico,b,15,2020-08-09,65.28826830959943
Mexico,b,15,2020-08-16,65.28826830959943
Mexico,b,15,2020-08-23,94.45649670429938
Mexico,b,15,2020-08-30,128.5306892823367
Mexico,b,15,2020-09-06,128.5306892823367
Mexico,b,15,2020-09-13,128.5306892823367
Mexico,b,15,2020-09-20,128.5306892823367
Mexico,b,15,2020-09-27,128.5306892823367
Mexico,b,15,2020-10-04,128.5306892823367
Mexico,b,15,2020-10-11,128.5306892823367
Mexico,b,15,2020-10-18,128.5306892823367
Mexico,b,15,2020-10-25,128.5306892823367
Mexico,b,15,2020-11-01,157.82973028680408
Mexico,b,15,2020-11-08,157.82973028680408
Mexico,b,15,2020-11-15,157.82973028680408
Mexico,b,15,2020-11-22,157.82973028680408
Mexico,b,15,2020-11-29,157.82973028680408
Mexico,b,15,2020-12-06,157.82973028680408
Mexico,b,15,2020-12-13,157.82973028680408
Mexico,b,15,2020-12-20,157.82973028680408
Mexico,b,15,2020-12-27,157.82973028680408
Mexico,b,15,2021-01-03,157.82973028680408
Mexico,b,20,2020-03-01,0
Mexico,b,20,2020-03-08,0
Mexico,b,20,2020-03-15,0
Mexico,b,20,2020-03-22,0
Mexico,b,20,2020-03-29,0
Mexico,b,20,2020-04-05,0
Mexico,b,20,2020-04-12,0
Mexico,b,20,2020-04-19,0
Mexico,b,20,2020-04-26,0
Mexico,b,20,2020-05-03,0
Mexico,b,20,2020-05-10,0
Mexico,b,20,2020-05-17,0
Mexico,b,20,2020-05-24,0
Mexico,b,20,2020-05-31,0
Mexico,b,20,2020-06-07,58.43846902360548
Mexico,b,20,2020-06-14,58.43846902360548
Mexico,b,20,2020-06-21,58.43846902360548
Mexico,b,20,2020-06-28,121.63676326667053
Mexico,b,20,2020-07-05,181.0878765356099
Mexico,b,20,2020-07-12,223.79157104523046
Mexico,b,20,2020-07-19,266.7476092339825
Mexico,b,20,2020-07-26,266.7476092339825
Mexico,b,20,2020-08-02,266.7476092339825
Mexico,b,20,2020-08-09,266.7476092339825
Mexico,b,20,2020-08-16,266.7476092339825
Mexico,b,20,2020-08-23,266.7476092339825
Mexico,b,20,2020-08-30,266.7476092339825
Mexico,b,20,2020-09-06,308.4634201952468
Mexico,b,20,2020-09-13,308.4634201952468
Mexico,b,20,2020-09-20,308.4634201952468
Mexico,b,20,2020-09-27,308.4634201952468
Mexico,b,20,2020-10-04,308.4634201952468
Mexico,b,20,2020-10-11,308.4634201952468
Mexico,b,20,2020-10-18,355.6784094877664
Mexico,b,20,2020-10-25,355.6784094877664
Mexico,b,20,2020-11-01,355.6784094877664
Mexico,b,20,2020-11-08,355.6784094877664
Mexico,b,20,2020-11-15,355.6784094877664
Mexico,b,20,2020-11-22,355.6784094877664
Mexico,b,20,2020-11-29,355.6784094877664
Mexico,b,20,2020-12-06,355.6784094877664
Mexico,b,20,2020-12-13,355.6784094877664
Mexico,b,20,2020-12-20,355.6784094877664
Mexico,b,20,2020-12-27,355.6784094877664
Mexico,b,20,2021-01-03,355.6784094877664
Mexico,b,25,2020-03-01,0
Mexico,b,25,2020-03-08,0
Mexico,b,25,2020-03-15,0
Mexico,b,25,2020-03-22,0
Mexico,b,25,2020-03-29,0
Mexico,b,25,2020-04-05,0
Mexico,b,25,2020-04-12,0
Mexico,b,25,2020-04-19,0
Mexico,b,25,2020-04-26,0
Mexico,b,25,2020-05-03,0
Mexico,b,25,2020-05-10,56.714489089416645
Mexico,b,25,2020-05-17,99.37328531658261
Mexico,b,25,2020-05-24,99.37328531658261
Mexico,b,25,2020-05-31,179.4400852965647
Mexico,b,25,2020-06-07,239.95787508407096
Mexico,b,25,2020-06-14,287.078488071329
Mexico,b,25,2020-06-21,370.94114713059753
Mexico,b,25,2020-06-28,415.6703515780754
Mexico,b,25,2020-07-05,496.3740320847205
Mexico,b,25,2020-07-12,602.1420273185746
Mexico,b,25,2020-07-19,697.0448826566483
Mexico,b,25,2020-07-26,697.0448826566483
Mexico,b,25,2020-08-02,762.3478394826344
Mexico,b,25,2020-08-09,815.8743681919191
Mexico,b,25,2020-08-16,815.8743681919191
Mexico,b,25,2020-08-23,865.7911683265704
Mexico,b,25,2020-08-30,865.7911683265704
Mexico,b,25,2020-09-06,865.7911683265704
Mexico,b,25,2020-09-13,865.7911683265704
Mexico,b,25,2020-09-20,865.7911683265704
Mexico,b,25,2020-09-27,865.7911683265704
Mexico,b,25,2020-10-04,865.7911683265704
Mexico,b,25,2020-10-11,865.7911683265704
Mexico,b,25,2020-10-18,865.7911683265704
Mexico,b,25,2020-10-25,865.7911683265704
Mexico,b,25,2020-11-01,865.7911683265704
Mexico,b,25,2020-11-08,865.7911683265704
Mexico,b,25,2020-11-15,944.4635009121189
Mexico,b,25,2020-11-22,944.4635009121189
Mexico,b,25,2020-11-29,944.4635009121189
Mexico,b,25,2020-12-06,944.4635009121189
Mexico,b,25,2020-12-13,944.4635009121189
Mexico,b,25,2020-12-20,944.4635009121189
Mexico,b,25,2020-12-27,944.4635009121189
Mexico,b,25,2021-01-03,944.4635009121189
Mexico,b,30,2020-03-01,0
Mexico,b,30,2020-03-08,0
Mexico,b,30,2020-03-15,0
Mexico,b,30,2020-03-22,0
Mexico,b,30,2020-03-29,0
Mexico,b,30,2020-04-05,0
Mexico,b,30,2020-04-12,0
Mexico,b,30,2020-04-19,0
Mexico,b,30,2020-04-26,0
Mexico,b,30,2020-05-03,85.0295353220339
Mexico,b,30,2020-05-10,191.28596486536662
Mexico,b,30,2020-05-17,314.91125426575616
Mexico,b,30,2020-05-24,429.0392901153133
Mexico,b,30,2020-05-31,508.7938152938353
Mexico,b,30,2020-06-07,670.286551817848
Mexico,b,30,2020-06-14,798.6155422883726
Mexico,b,30,2020-06-21,895.8637351345913
Mexico,b,30,2020-06-28,983.0978325748422
Mexico,b,30,2020-07-05,1129.3674215971396
Mexico,b,30,2020-07-12,1246.7043736927164
Mexico,b,30,2020-07-19,1421.1225210973344
Mexico,b,30,2020-07-26,1567.617619959902
Mexico,b,30,2020-08-02,1685.1675803207113
Mexico,b,30,2020-08-09,1752.7329490931147
Mexico,b,30,2020-08-16,1845.2576290997285
Mexico,b,30,2020-08-23,1946.6698148850098
Mexico,b,30,2020-08-30,2060.8831244657963
Mexico,b,30,2020-09-06,2060.8831244657963
Mexico,b,30,2020-09-13,2131.3879117034326
Mexico,b,30,2020-09-20,2182.3610167351935
Mexico,b,30,2020-09-27,2234.6722249089926
Mexico,b,30,2020-10-04,2234.6722249089926
Mexico,b,30,2020-10-11,2302.243890107569
Mexico,b,30,2020-10-18,2302.243890107569
Mexico,b,30,2020-10-25,2302.243890107569
Mexico,b,30,2020-11-01,2302.243890107569
Mexico,b,30,2020-11-08,2302.243890107569
Mexico,b,30,2020-11-15,2371.9479772415843
Mexico,b,30,2020-11-22,2431.8654677712884
Mexico,b,30,2020-11-29,2431.8654677712884
Mexico,b,30,2020-12-06,2502.8530112636313
Mexico,b,30,2020-12-13,2612.719152856532
Mexico,b,30,2020-12-20,2741.376813561883
Mexico,b,30,2020-12-27,2879.7535366731763
Mexico,b,30,2021-01-03,2967.7926588783594
Mexico,b,35,2020-03-01,0
Mexico,b,35,2020-03-08,0
Mexico,b,35,2020-03-15,0
Mexico,b,35,2020-03-22,0
Mexico,b,35,2020-03-29,0
Mexico,b,35,2020-04-05,0
Mexico,b,35,2020-04-12,0
Mexico,b,35,2020-04-19,0
Mexico,b,35,2020-04-26,126.45850378435938
Mexico,b,35,2020-05-03,273.9000139472576
Mexico,b,35,2020-05-10,513.3245682388083
Mexico,b,35,2020-05-17,755.7322044731011
Mexico,b,35,2020-05-24,1006.122960528156
Mexico,b,35,2020-05-31,1249.4968743458799
Mexico,b,35,2020-06-07,1489.853983932021
Mexico,b,35,2020-06-14,1761.1943273561278
Mexico,b,35,2020-06-21,2054.5179427514977
Mexico,b,35,2020-06-28,2309.824868315138
Mexico,b,35,2020-07-05,2584.1151304874293
Mexico,b,35,2020-07-12,2870.388743906916
Mexico,b,35,2020-07-19,3138.645723208007
Mexico,b,35,2020-07-26,3353.8860830209755
Mexico,b,35,2020-08-02,3568.1098379719606
Mexico,b,35,2020-08-09,3784.317002682968
Mexico,b,35,2020-08-16,3910.507591771872
Mexico,b,35,2020-08-23,4110.681619852413
Mexico,b,35,2020-08-30,4260.839101534204
Mexico,b,35,2020-09-06,4360.980051422726
Mexico,b,35,2020-09-13,4496.104484119332
Mexico,b,35,2020-09-20,4580.212414221247
Mexico,b,35,2020-09-27,4641.303856321571
Mexico,b,35,2020-10-04,4690.378825009276
Mexico,b,35,2020-10-11,4776.437334869209
Mexico,b,35,2020-10-18,4842.479400482093
Mexico,b,35,2020-10-25,4946.50503642453
Mexico,b,35,2020-11-01,5042.514257268997
Mexico,b,35,2020-11-08,5116.507077583853
Mexico,b,35,2020-11-15,5205.483511933334
Mexico,b,35,2020-11-22,5280.443574877555
Mexico,b,35,2020-11-29,5406.387280972518
Mexico,b,35,2020-12-06,5536.314644770103
Mexico,b,35,2020-12-13,5715.225680818075
Mexico,b,35,2020-12-20,5890.120403660081
Mexico,b,35,2020-12-27,6110.998827835657
Mexico,b,35,2021-01-03,6283.860967880222
Mexico,b,40,2020-03-01,0
Mexico,b,40,2020-03-08,0
Mexico,b,40,2020-03-15,0
Mexico,b,40,2020-03-22,0
Mexico,b,40,2020-03-29,0
Mexico,b,40,2020-04-05,0
Mexico,b,40,2020-04-12,0
Mexico,b,40,2020-04-19,99.03568446135671
Mexico,b,40,2020-04-26,278.1651351467644
Mexico,b,40,2020-05-03,659.3883070441734
Mexico,b,40,2020-05-10,1027.7051601827934
Mexico,b,40,2020-05-17,1493.1156596261558
Mexico,b,40,2020-05-24,1908.619775465183
Mexico,b,40,2020-05-31,2379.2174828112657
Mexico,b,40,2020-06-07,2810.9087617893415
Mexico,b,40,2020-06-14,3320.693597530983
Mexico,b,40,2020-06-21,3709.5719801674895
Mexico,b,40,2020-06-28,4135.543904822989
Mexico,b,40,2020-07-05,4594.609366437554
Mexico,b,40,2020-07-12,4990.768356438618
Mexico,b,40,2020-07-19,5400.020866248386
Mexico,b,40,2020-07-26,5832.36688728384
Mexico,b,40,2020-08-02,6252.806410956748
Mexico,b,40,2020-08-09,6614.339428673664
Mexico,b,40,2020-08-16,6932.965931835937
Mexico,b,40,2020-08-23,7162.6859118397115
Mexico,b,40,2020-08-30,7377.499360075932
Mexico,b,40,2020-09-06,7581.406267930352
Mexico,b,40,2020-09-13,7796.406626783535
Mexico,b,40,2020-09-20,7912.500428010859
Mexico,b,40,2020-09-27,8108.687662982523
Mexico,b,40,2020-10-04,8285.968323063551
Mexico,b,40,2020-10-11,8449.342399613797
Mexico,b,40,2020-10-18,8561.809883987946
Mexico,b,40,2020-10-25,8723.370767535525
Mexico,b,40,2020-11-01,8907.025041600902
Mexico,b,40,2020-11-08,9082.772697523294
Mexico,b,40,2020-11-15,9271.613726636768
Mexico,b,40,2020-11-22,9502.548120270252
Mexico,b,40,2020-11-29,9734.575869747532
Mexico,b,40,2020-12-06,9985.696966387259
Mexico,b,40,2020-12-13,10290.911401502959
Mexico,b,40,2020-12-20,10659.219166403029
Mexico,b,40,2020-12-27,11142.620252390749
Mexico,b,40,2021-01-03,11566.11465076428
Mexico,b,45,2020-03-01,0
Mexico,b,45,2020-03-08,0
Mexico,b,45,2020-03-15,0
Mexico,b,45,2020-03-22,0
Mexico,b,45,2020-03-29,0
Mexico,b,45,2020-04-05,0
Mexico,b,45,2020-04-12,73.876086080822
Mexico,b,45,2020-04-19,212.11082655351743
Mexico,b,45,2020-04-26,513.7038953623851
Mexico,b,45,2020-05-03,926.654940012314
Mexico,b,45,2020-05-10,1493.9635814957107
Mexico,b,45,2020-05-17,2125.6294142193124
Mexico,b,45,2020-05-24,2768.652005930861
Mexico,b,45,2020-05-31,3434.030897645659
Mexico,b,45,2020-06-07,4160.765603572992
Mexico,b,45,2020-06-14,4803.855611042432
Mexico,b,45,2020-06-21,5466.300380430001
Mexico,b,45,2020-06-28,6080.09934508422
Mexico,b,45,2020-07-05,6738.25191786331
Mexico,b,45,2020-07-12,7447.757508852634
Mexico,b,45,2020-07-19,8161.615527630335
Mexico,b,45,2020-07-26,8784.825383266925
Mexico,b,45,2020-08-02,9419.386484324867
Mexico,b,45,2020-08-09,10016.298238858137
Mexico,b,45,2020-08-16,10535.560054411832
Mexico,b,45,2020-08-23,10908.17133802172
Mexico,b,45,2020-08-30,11263.131496213842
Mexico,b,45,2020-09-06,11591.439935004073
Mexico,b,45,2020-09-13,11922.096059897709
Mexico,b,45,2020-09-20,12186.099275889044
Mexico,b,45,2020-09-27,12384.448987460944
Mexico,b,45,2020-10-04,12609.14459858443
Mexico,b,45,2020-10-11,12868.18551271824
Mexico,b,45,2020-10-18,13049.571132808427
Mexico,b,45,2020-10-25,13307.30086128792
Mexico,b,45,2020-11-01,13586.374100076098
Mexico,b,45,2020-11-08,13920.790250578375
Mexico,b,45,2020-11-15,14267.548713685766
Mexico,b,45,2020-11-22,14602.648889774471
Mexico,b,45,2020-11-29,14934.090178705437
Mexico,b,45,2020-12-06,15356.871979823947
Mexico,b,45,2020-12-13,15937.993691959175
Mexico,b,45,2020-12-20,16538.454713423773
Mexico,b,45,2020-12-27,17373.254442013447
Mexico,b,45,2021-01-03,18086.392275006507
Mexico,b,5,2020-03-01,19.477902686856993
Mexico,b,5,2020-03-08,19.477902686856993
Mexico,b,5,2020-03-15,19.477902686856993
Mexico,b,5,2020-03-22,19.477902686856993
Mexico,b,5,2020-03-29,19.477902686856993
Mexico,b,5,2020-04-05,19.477902686856993
Mexico,b,5,2020-04-12,19.477902686856993
Mexico,b,5,2020-04-19,19.477902686856993
Mexico,b,5,2020-04-26,19.477902686856993
Mexico,b,5,2020-05-03,19.477902686856993
Mexico,b,5,2020-05-10,19.477902686856993
Mexico,b,5,2020-05-17,19.477902686856993
Mexico,b,5,2020-05-24,19.477902686856993
Mexico,b,5,2020-05-31,19.477902686856993
Mexico,b,5,2020-06-07,19.477902686856993
Mexico,b,5,2020-06-14,19.477902686856993
Mexico,b,5,2020-06-21,19.477902686856993
Mexico,b,5,2020-06-28,19.477902686856993
Mexico,b,5,2020-07-05,19.477902686856993
Mexico,b,5,2020-07-12,19.477902686856993
Mexico,b,5,2020-07-19,19.477902686856993
Mexico,b,5,2020-07-26,37.25516992739884
Mexico,b,5,2020-08-02,37.25516992739884
Mexico,b,5,2020-08-09,37.25516992739884
Mexico,b,5,2020-08-16,37.25516992739884
Mexico,b,5,2020-08-23,37.25516992739884
Mexico,b,5,2020-08-30,37.25516992739884
Mexico,b,5,2020-09-06,37.25516992739884
Mexico,b,5,2020-09-13,37.25516992739884
Mexico,b,5,2020-09-20,37.25516992739884
Mexico,b,5,2020-09-27,37.25516992739884
Mexico,b,5,2020-10-04,37.25516992739884
Mexico,b,5,2020-10-11,37.25516992739884
Mexico,b,5,2020-10-18,37.25516992739884
Mexico,b,5,2020-10-25,37.25516992739884
Mexico,b,5,2020-11-01,37.25516992739884
Mexico,b,5,2020-11-08,37.25516992739884
Mexico,b,5,2020-11-15,37.25516992739884
Mexico,b,5,2020-11-22,37.25516992739884
Mexico,b,5,2020-11-29,37.25516992739884
Mexico,b,5,2020-12-06,37.25516992739884
Mexico,b,5,2020-12-13,37.25516992739884
Mexico,b,5,2020-12-20,37.25516992739884
Mexico,b,5,2020-12-27,37.25516992739884
Mexico,b,5,2021-01-03,37.25516992739884
Mexico,b,50,2020-03-01,0
Mexico,b,50,2020-03-08,0
Mexico,b,50,2020-03-15,0
Mexico,b,50,2020-03-22,0
Mexico,b,50,2020-03-29,0
Mexico,b,50,2020-04-05,0
Mexico,b,50,2020-04-12,63.67674463643834
Mexico,b,50,2020-04-19,239.69384527294983
Mexico,b,50,2020-04-26,585.0505735515218
Mexico,b,50,2020-05-03,1187.7462015113642
Mexico,b,50,2020-05-10,1977.7800015899195
Mexico,b,50,2020-05-17,2896.1512466238873
Mexico,b,50,2020-05-24,3810.859209850239
Mexico,b,50,2020-05-31,4702.903164907244
Mexico,b,50,2020-06-07,5674.282385835482
Mexico,b,50,2020-06-14,6566.99614707887
Mexico,b,50,2020-06-21,7510.043723485684
Mexico,b,50,2020-06-28,8494.424390309583
Mexico,b,50,2020-07-05,9423.13759564803
Mexico,b,50,2020-07-12,10447.182960047634
Mexico,b,50,2020-07-19,11406.560103869117
Mexico,b,50,2020-07-26,12291.268647287223
Mexico,b,50,2020-08-02,13118.308210290636
Mexico,b,50,2020-08-09,13879.678412681895
Mexico,b,50,2020-08-16,14585.378874077307
Mexico,b,50,2020-08-23,15182.409213906873
Mexico,b,50,2020-08-30,15672.76905141419
Mexico,b,50,2020-09-06,16145.458005656375
Mexico,b,50,2020-09-13,16457.475695503974
Mexico,b,50,2020-09-20,16787.821739640884
Mexico,b,50,2020-09-27,17141.49575656426
Mexico,b,50,2020-10-04,17453.497364584455
Mexico,b,50,2020-10-11,17739.826181824887
Mexico,b,50,2020-10-18,18121.481826221996
Mexico,b,50,2020-10-25,18552.463915525157
Mexico,b,50,2020-11-01,18993.772067296566
Mexico,b,50,2020-11-08,19477.405898911184
Mexico,b,50,2020-11-15,19855.36502755664
Mexico,b,50,2020-11-22,20388.649070233143
Mexico,b,50,2020-11-29,20951.257643753408
Mexico,b,50,2020-12-06,21533.190364742557
Mexico,b,50,2020-12-13,22253.446849638043
Mexico,b,50,2020-12-20,23084.026714689568
Mexico,b,50,2020-12-27,24152.929575958988
Mexico,b,50,2021-01-03,25098.155049320234
Mexico,b,55,2020-03-01,0
Mexico,b,55,2020-03-08,0
Mexico,b,55,2020-03-15,0
Mexico,b,55,2020-03-22,0
Mexico,b,55,2020-03-29,0
Mexico,b,55,2020-04-05,0
Mexico,b,55,2020-04-12,0
Mexico,b,55,2020-04-19,121.07660723920287
Mexico,b,55,2020-04-26,565.5781283387389
Mexico,b,55,2020-05-03,1287.5046413527016
Mexico,b,55,2020-05-10,2216.8562193846387
Mexico,b,55,2020-05-17,3337.6329305869695
Mexico,b,55,2020-05-24,4454.834838160398
Mexico,b,55,2020-05-31,5542.462000353337
Mexico,b,55,2020-06-07,6708.514470461319
Mexico,b,55,2020-06-14,7951.9922968264145
Mexico,b,55,2020-06-21,9156.895522836652
Mexico,b,55,2020-06-28,10296.224186925427
Mexico,b,55,2020-07-05,11505.978290160807
Mexico,b,55,2020-07-12,12902.157799547944
Mexico,b,55,2020-07-19,14270.76268209055
Mexico,b,55,2020-07-26,15524.79290479089
Mexico,b,55,2020-08-02,16703.24843464978
Mexico,b,55,2020-08-09,17779.129238666603
Mexico,b,55,2020-08-16,18668.435283839284
Mexico,b,55,2020-08-23,19507.166537164314
Mexico,b,55,2020-08-30,20275.322965636737
Mexico,b,55,2020-09-06,20840.904536250153
Mexico,b,55,2020-09-13,21394.91121599671
Mexico,b,55,2020-09-20,21834.34297186713
Mexico,b,55,2020-09-27,22377.199770850664
Mexico,b,55,2020-10-04,22787.481579935138
Mexico,b,55,2020-10-11,23272.18836610693
Mexico,b,55,2020-10-18,23777.32009635097
Mexico,b,55,2020-10-25,24309.87673765074
Mexico,b,55,2020-11-01,24895.858256988286
Mexico,b,55,2020-11-08,25587.2646213442
Mexico,b,55,2020-11-15,26292.095797697635
Mexico,b,55,2020-11-22,27071.351753026298
Mexico,b,55,2020-11-29,27929.03245430645
Mexico,b,55,2020-12-06,28811.137868512906
Mexico,b,55,2020-12-13,29789.667962619034
Mexico,b,55,2020-12-20,30990.622703596764
Mexico,b,55,2020-12-27,32402.002058416572
Mexico,b,55,2021-01-03,33696.80599404749
Mexico,b,60,2020-03-01,0
Mexico,b,60,2020-03-08,0
Mexico,b,60,2020-03-15,0
Mexico,b,60,2020-03-22,0
Mexico,b,60,2020-03-29,0
Mexico,b,60,2020-04-05,0
Mexico,b,60,2020-04-12,0
Mexico,b,60,2020-04-19,0
Mexico,b,60,2020-04-26,341.3762725086426
Mexico,b,60,2020-05-03,1086.263212461252
Mexico,b,60,2020-05-10,1974.5738030656396
Mexico,b,60,2020-05-17,3145.165431559126
Mexico,b,60,2020-05-24,4319.842302709678
Mexico,b,60,2020-05-31,5503.358539628909
Mexico,b,60,2020-06-07,6771.421906103857
Mexico,b,60,2020-06-14,8132.698082282146
Mexico,b,60,2020-06-21,9427.815424917717
Mexico,b,60,2020-06-28,10819.370144087517
Mexico,b,60,2020-07-05,12369.931850487948
Mexico,b,60,2020-07-12,13907.049350725205
Mexico,b,60,2020-07-19,15462.256653763307
Mexico,b,60,2020-07-26,16787.07916910337
Mexico,b,60,2020-08-02,18167.04000830556
Mexico,b,60,2020-08-09,19467.666331035423
Mexico,b,60,2020-08-16,20601.495676368922
Mexico,b,60,2020-08-23,21583.08221872414
Mexico,b,60,2020-08-30,22449.002885581336
Mexico,b,60,2020-09-06,23199.86327128308
Mexico,b,60,2020-09-13,23854.30327793603
Mexico,b,60,2020-09-20,24453.002411108908
Mexico,b,60,2020-09-27,25088.68465504305
Mexico,b,60,2020-10-04,25633.122849912314
Mexico,b,60,2020-10-11,26088.142492757794
Mexico,b,60,2020-10-18,26593.624884542678
Mexico,b,60,2020-10-25,27234.509548748832
Mexico,b,60,2020-11-01,27948.795852426727
Mexico,b,60,2020-11-08,28716.543768871987
Mexico,b,60,2020-11-15,29601.873732265485
Mexico,b,60,2020-11-22,30599.965548659526
Mexico,b,60,2020-11-29,31515.056344432993
Mexico,b,60,2020-12-06,32544.437552413878
Mexico,b,60,2020-12-13,33789.4509567496
Mexico,b,60,2020-12-20,35206.48383961497
Mexico,b,60,2020-12-27,36991.96329518269
Mexico,b,60,2021-01-03,38435.34979805743
Mexico,b,65,2020-03-01,0
Mexico,b,65,2020-03-08,0
Mexico,b,65,2020-03-15,0
Mexico,b,65,2020-03-22,0
Mexico,b,65,2020-03-29,0
Mexico,b,65,2020-04-05,0
Mexico,b,65,2020-04-12,0
Mexico,b,65,2020-04-19,156.0434589394954
Mexico,b,65,2020-04-26,500.4836071813454
Mexico,b,65,2020-05-03,1093.3025261776386
Mexico,b,65,2020-05-10,1870.4262339994189
Mexico,b,65,2020-05-17,2933.726122607883
Mexico,b,65,2020-05-24,4150.021141326141
Mexico,b,65,2020-05-31,5316.08067104482
Mexico,b,65,2020-06-07,6578.628028249708
Mexico,b,65,2020-06-14,7869.3445344829515
Mexico,b,65,2020-06-21,9365.874085049958
Mexico,b,65,2020-06-28,10753.828150317246
Mexico,b,65,2020-07-05,12306.791161154122
Mexico,b,65,2020-07-12,13843.326198776878
Mexico,b,65,2020-07-19,15469.980894105764
Mexico,b,65,2020-07-26,17099.29350956178
Mexico,b,65,2020-08-02,18485.79913427785
Mexico,b,65,2020-08-09,19789.035931332517
Mexico,b,65,2020-08-16,20903.55137526963
Mexico,b,65,2020-08-23,21905.908417137307
Mexico,b,65,2020-08-30,22799.691512621946
Mexico,b,65,2020-09-06,23642.51244671204
Mexico,b,65,2020-09-13,24391.015885924546
Mexico,b,65,2020-09-20,25127.88458675624
Mexico,b,65,2020-09-27,25718.84418703218
Mexico,b,65,2020-10-04,26242.66750559967
Mexico,b,65,2020-10-11,26835.17827576351
Mexico,b,65,2020-10-18,27370.25423937334
Mexico,b,65,2020-10-25,28010.829531921238
Mexico,b,65,2020-11-01,28773.89629469042
Mexico,b,65,2020-11-08,29768.505458131225
Mexico,b,65,2020-11-15,30736.76665133383
Mexico,b,65,2020-11-22,31803.847205693284
Mexico,b,65,2020-11-29,32865.97023645181
Mexico,b,65,2020-12-06,34031.411803437295
Mexico,b,65,2020-12-13,35403.497171530806
Mexico,b,65,2020-12-20,36959.59621159468
Mexico,b,65,2020-12-27,38761.118003075
Mexico,b,65,2021-01-03,40278.504719483695
Mexico,b,70,2020-03-01,0
Mexico,b,70,2020-03-08,0
Mexico,b,70,2020-03-15,0
Mexico,b,70,2020-03-22,0
Mexico,b,70,2020-03-29,0
Mexico,b,70,2020-04-05,0
Mexico,b,70,2020-04-12,0
Mexico,b,70,2020-04-19,0
Mexico,b,70,2020-04-26,245.04813009557188
Mexico,b,70,2020-05-03,739.8870659290365
Mexico,b,70,2020-05-10,1423.3795442962953
Mexico,b,70,2020-05-17,2322.289616311983
Mexico,b,70,2020-05-24,3326.2872749418893
Mexico,b,70,2020-05-31,4387.954223472803
Mexico,b,70,2020-06-07,5537.790640373977
Mexico,b,70,2020-06-14,6876.222799233699
Mexico,b,70,2020-06-21,8168.611409735773
Mexico,b,70,2020-06-28,9367.260555751389
Mexico,b,70,2020-07-05,10677.427099888002
Mexico,b,70,2020-07-12,12238.33040826955
Mexico,b,70,2020-07-19,13719.162431394398
Mexico,b,70,2020-07-26,15193.098024389288
Mexico,b,70,2020-08-02,16525.305411622434
Mexico,b,70,2020-08-09,17891.9567282161
Mexico,b,70,2020-08-16,19038.2385719607
Mexico,b,70,2020-08-23,20033.36249661554
Mexico,b,70,2020-08-30,20843.575371695923
Mexico,b,70,2020-09-06,21608.16952493349
Mexico,b,70,2020-09-13,22366.492572225186
Mexico,b,70,2020-09-20,22962.956826836526
Mexico,b,70,2020-09-27,23580.048165869684
Mexico,b,70,2020-10-04,24117.334218678036
Mexico,b,70,2020-10-11,24718.471730253044
Mexico,b,70,2020-10-18,25331.21294393276
Mexico,b,70,2020-10-25,25997.410843377584
Mexico,b,70,2020-11-01,26729.023094831064
Mexico,b,70,2020-11-08,27530.11453825348
Mexico,b,70,2020-11-15,28363.85809073679
Mexico,b,70,2020-11-22,29229.533948077722
Mexico,b,70,2020-11-29,30175.52700047243
Mexico,b,70,2020-12-06,31295.322415493858
Mexico,b,70,2020-12-13,32464.499384818086
Mexico,b,70,2020-12-20,33785.723079093026
Mexico,b,70,2020-12-27,35467.73490598091
Mexico,b,70,2021-01-03,36843.341217512956
Mexico,b,75,2020-03-01,0
Mexico,b,75,2020-03-08,0
Mexico,b,75,2020-03-15,0
Mexico,b,75,2020-03-22,0
Mexico,b,75,2020-03-29,0
Mexico,b,75,2020-04-05,0
Mexico,b,75,2020-04-12,0
Mexico,b,75,2020-04-19,0
Mexico,b,75,2020-04-26,193.54277871217005
Mexico,b,75,2020-05-03,470.7554379372514
Mexico,b,75,2020-05-10,971.6133670194235
Mexico,b,75,2020-05-17,1572.9899057017133
Mexico,b,75,2020-05-24,2373.6594459583657
Mexico,b,75,2020-05-31,3206.3018365470543
Mexico,b,75,2020-06-07,4188.507954842677
Mexico,b,75,2020-06-14,5138.786306855206
Mexico,b,75,2020-06-21,6248.570517698517
Mexico,b,75,2020-06-28,7313.227580148394
Mexico,b,75,2020-07-05,8562.066735211563
Mexico,b,75,2020-07-12,9835.348889954645
Mexico,b,75,2020-07-19,11117.296445800424
Mexico,b,75,2020-07-26,12406.103440096394
Mexico,b,75,2020-08-02,13572.945926058383
Mexico,b,75,2020-08-09,14632.992513109166
Mexico,b,75,2020-08-16,15565.414993626382
Mexico,b,75,2020-08-23,16426.39898309198
Mexico,b,75,2020-08-30,17161.15449846385
Mexico,b,75,2020-09-06,17835.92639436039
Mexico,b,75,2020-09-13,18346.004568674227
Mexico,b,75,2020-09-20,18795.733839042226
Mexico,b,75,2020-09-27,19259.523379928025
Mexico,b,75,2020-10-04,19752.85559783264
Mexico,b,75,2020-10-11,20167.294310400273
Mexico,b,75,2020-10-18,20524.492085094942
Mexico,b,75,2020-10-25,21114.196585906273
Mexico,b,75,2020-11-01,21738.255773399607
Mexico,b,75,2020-11-08,22506.621805466144
Mexico,b,75,2020-11-15,23287.353494289586
Mexico,b,75,2020-11-22,24101.617190008525
Mexico,b,75,2020-11-29,24873.68598366758
Mexico,b,75,2020-12-06,25818.93715126744
Mexico,b,75,2020-12-13,26906.847796555714
Mexico,b,75,2020-12-20,28065.988691699677
Mexico,b,75,2020-12-27,29463.016360759913
Mexico,b,75,2021-01-03,30568.66349916059
Mexico,b,80,2020-03-01,0
Mexico,b,80,2020-03-08,0
Mexico,b,80,2020-03-15,0
Mexico,b,80,2020-03-22,0
Mexico,b,80,2020-03-29,0
Mexico,b,80,2020-04-05,0
Mexico,b,80,2020-04-12,0
Mexico,b,80,2020-04-19,0
Mexico,b,80,2020-04-26,0
Mexico,b,80,2020-05-03,94.92584585577993
Mexico,b,80,2020-05-10,405.7910953477085
Mexico,b,80,2020-05-17,796.4451706756131
Mexico,b,80,2020-05-24,1372.6052502896716
Mexico,b,80,2020-05-31,1953.8621382860604
Mexico,b,80,2020-06-07,2616.687647088578
Mexico,b,80,2020-06-14,3424.443288149095
Mexico,b,80,2020-06-21,4228.390072824799
Mexico,b,80,2020-06-28,5042.699239233431
Mexico,b,80,2020-07-05,5800.4636796280265
Mexico,b,80,2020-07-12,6788.709960904593
Mexico,b,80,2020-07-19,7793.410933009052
Mexico,b,80,2020-07-26,8755.498700732747
Mexico,b,80,2020-08-02,9564.877889583044
Mexico,b,80,2020-08-09,10270.439130451421
Mexico,b,80,2020-08-16,10923.072696111585
Mexico,b,80,2020-08-23,11417.682225440361
Mexico,b,80,2020-08-30,11880.198468370098
Mexico,b,80,2020-09-06,12319.592975993868
Mexico,b,80,2020-09-13,12674.891646333952
Mexico,b,80,2020-09-20,12985.188017769045
Mexico,b,80,2020-09-27,13341.656180048692
Mexico,b,80,2020-10-04,13529.56314857182
Mexico,b,80,2020-10-11,13783.280522822086
Mexico,b,80,2020-10-18,14030.295226422497
Mexico,b,80,2020-10-25,14284.219106244876
Mexico,b,80,2020-11-01,14650.797153502339
Mexico,b,80,2020-11-08,15094.91410282977
Mexico,b,80,2020-11-15,15512.59916789152
Mexico,b,80,2020-11-22,16076.028685579478
Mexico,b,80,2020-11-29,16548.526466415602
Mexico,b,80,2020-12-06,17064.56168675396
Mexico,b,80,2020-12-13,17784.74420844419
Mexico,b,80,2020-12-20,18547.817272610137
Mexico,b,80,2020-12-27,19502.647584125974
Mexico,b,80,2021-01-03,20263.212879475526
Mexico,b,85,2020-03-01,0
Mexico,b,85,2020-03-08,0
Mexico,b,85,2020-03-15,0
Mexico,b,85,2020-03-22,0
Mexico,b,85,2020-03-29,0
Mexico,b,85,2020-04-05,0
Mexico,b,85,2020-04-12,0
Mexico,b,85,2020-04-19,0
Mexico,b,85,2020-04-26,0
Mexico,b,85,2020-05-03,0
Mexico,b,85,2020-05-10,0
Mexico,b,85,2020-05-17,173.70655044307568
Mexico,b,85,2020-05-24,494.091548831389
Mexico,b,85,2020-05-31,812.96410055036
Mexico,b,85,2020-06-07,1184.0329061263042
Mexico,b,85,2020-06-14,1638.9116490274744
Mexico,b,85,2020-06-21,2139.125482630134
Mexico,b,85,2020-06-28,2600.118464982602
Mexico,b,85,2020-07-05,3060.261785763489
Mexico,b,85,2020-07-12,3685.862684437572
Mexico,b,85,2020-07-19,4307.173920999582
Mexico,b,85,2020-07-26,4834.40366974764
Mexico,b,85,2020-08-02,5364.725758406591
Mexico,b,85,2020-08-09,5806.290170265763
Mexico,b,85,2020-08-16,6198.233736681051
Mexico,b,85,2020-08-23,6521.690953900074
Mexico,b,85,2020-08-30,6824.804861191301
Mexico,b,85,2020-09-06,7078.737916422821
Mexico,b,85,2020-09-13,7218.682800520136
Mexico,b,85,2020-09-20,7346.873073861558
Mexico,b,85,2020-09-27,7494.593596119239
Mexico,b,85,2020-10-04,7649.190607038438
Mexico,b,85,2020-10-11,7766.081350107546
Mexico,b,85,2020-10-18,7948.7631051457265
Mexico,b,85,2020-10-25,8069.8214808245175
Mexico,b,85,2020-11-01,8356.937805455062
Mexico,b,85,2020-11-08,8687.895445466222
Mexico,b,85,2020-11-15,9016.584877285333
Mexico,b,85,2020-11-22,9299.00734109409
Mexico,b,85,2020-11-29,9648.276915216687
Mexico,b,85,2020-12-06,10015.620868421478
Mexico,b,85,2020-12-13,10518.378174471083
Mexico,b,85,2020-12-20,11030.99610862908
Mexico,b,85,2020-12-27,11693.024888767453
Mexico,b,85,2021-01-03,12070.110372905601
Mexico,b,90,2020-03-01,0
Mexico,b,90,2020-03-08,0
Mexico,b,90,2020-03-15,0
Mexico,b,90,2020-03-22,0
Mexico,b,90,2020-03-29,0
Mexico,b,90,2020-04-05,0
Mexico,b,90,2020-04-12,0
Mexico,b,90,2020-04-19,0
Mexico,b,90,2020-04-26,0
Mexico,b,90,2020-05-03,0
Mexico,b,90,2020-05-10,0
Mexico,b,90,2020-05-17,0
Mexico,b,90,2020-05-24,177.61233805593565
Mexico,b,90,2020-05-31,317.0473249023572
Mexico,b,90,2020-06-07,493.93274976001044
Mexico,b,90,2020-06-14,728.795412759611
Mexico,b,90,2020-06-21,968.0697650862738
Mexico,b,90,2020-06-28,1191.1071763265052
Mexico,b,90,2020-07-05,1466.1856382312437
Mexico,b,90,2020-07-12,1764.5197641556251
Mexico,b,90,2020-07-19,2028.2709526633523
Mexico,b,90,2020-07-26,2394.55763495284
Mexico,b,90,2020-08-02,2606.4655667521874
Mexico,b,90,2020-08-09,2857.058147191395
Mexico,b,90,2020-08-16,3083.3867690142724
Mexico,b,90,2020-08-23,3304.501219084077
Mexico,b,90,2020-08-30,3475.4601548302367
Mexico,b,90,2020-09-06,3676.341680745796
Mexico,b,90,2020-09-13,3780.254039240066
Mexico,b,90,2020-09-20,3867.3464123455915
Mexico,b,90,2020-09-27,3977.8198055657485
Mexico,b,90,2020-10-04,4093.937953478031
Mexico,b,90,2020-10-11,4209.03814991758
Mexico,b,90,2020-10-18,4374.541865410721
Mexico,b,90,2020-10-25,4461.9649731860245
Mexico,b,90,2020-11-01,4461.9649731860245
Mexico,b,90,2020-11-08,4593.199311461306
Mexico,b,90,2020-11-15,4714.558633144604
Mexico,b,90,2020-11-22,4836.022507589821
Mexico,b,90,2020-11-29,4979.701441769864
Mexico,b,90,2020-12-06,5097.839240497002
Mexico,b,90,2020-12-13,5365.813057587311
Mexico,b,90,2020-12-20,5573.130921538906
Mexico,b,90,2020-12-27,5895.426584559848
Mexico,b,90,2021-01-03,5895.426584559848
Mexico,b,95,2020-03-01,0
Mexico,b,95,2020-03-08,0
Mexico,b,95,2020-03-15,0
Mexico,b,95,2020-03-22,0
Mexico,b,95,2020-03-29,0
Mexico,b,95,2020-04-05,0
Mexico,b,95,2020-04-12,53.88820970251709
Mexico,b,95,2020-04-19,106.86566508056603
Mexico,b,95,2020-04-26,192.13898082933036
Mexico,b,95,2020-05-03,239.85822906973954
Mexico,b,95,2020-05-10,326.11589176537615
Mexico,b,95,2020-05-17,427.9468361655399
Mexico,b,95,2020-05-24,565.3292312728524
Mexico,b,95,2020-05-31,638.1863059039499
Mexico,b,95,2020-06-07,796.388838245633
Mexico,b,95,2020-06-14,940.7582626096137
Mexico,b,95,2020-06-21,1061.0702807047494
Mexico,b,95,2020-06-28,1184.0588712623037
Mexico,b,95,2020-07-05,1326.4206789834864
Mexico,b,95,2020-07-12,1500.8197369491604
Mexico,b,95,2020-07-19,1695.8921666348513
Mexico,b,95,2020-07-26,1885.2509591577577
Mexico,b,95,2020-08-02,2202.4908186353996
Mexico,b,95,2020-08-09,2314.1930418786
Mexico,b,95,2020-08-16,2491.9304194614833
Mexico,b,95,2020-08-23,2717.2721514157074
Mexico,b,95,2020-08-30,2896.7887759992623
Mexico,b,95,2020-09-06,3059.057111951493
Mexico,b,95,2020-09-13,3163.6652132668955
Mexico,b,95,2020-09-20,3226.2173308424485
Mexico,b,95,2020-09-27,3292.338867561387
Mexico,b,95,2020-10-04,3378.68130280297
Mexico,b,95,2020-10-11,3451.9270495002165
Mexico,b,95,2020-10-18,3451.9270495002165
Mexico,b,95,2020-10-25,3548.1738975910484
Mexico,b,95,2020-11-01,3608.603269417327
Mexico,b,95,2020-11-08,3672.0664142876494
Mexico,b,95,2020-11-15,3738.466462357168
Mexico,b,95,2020-11-22,3738.466462357168
Mexico,b,95,2020-11-29,3844.6708381682047
Mexico,b,95,2020-12-06,3997.8577710808563
Mexico,b,95,2020-12-13,4141.158900963137
Mexico,b,95,2020-12-20,4238.763877580327
Mexico,b,95,2020-12-27,4383.918642460509
Mexico,b,95,2021-01-03,4383.918642460509
Peru,b,0,2020-03-01,0
Peru,b,0,2020-03-08,0
Peru,b,0,2020-03-15,0
Peru,b,0,2020-03-22,0
Peru,b,0,2020-03-29,0
Peru,b,0,2020-04-05,0
Peru,b,0,2020-04-12,0
Peru,b,0,2020-04-19,0
Peru,b,0,2020-04-26,0
Peru,b,0,2020-05-03,0
Peru,b,0,2020-05-10,0
Peru,b,0,2020-05-17,0
Peru,b,0,2020-05-24,0
Peru,b,0,2020-05-31,0
Peru,b,0,2020-06-07,0
Peru,b,0,2020-06-14,0
Peru,b,0,2020-06-21,0
Peru,b,0,2020-06-28,0
Peru,b,0,2020-07-05,0
Peru,b,0,2020-07-12,0
Peru,b,0,2020-07-19,0
Peru,b,0,2020-07-26,0
Peru,b,0,2020-08-02,0
Peru,b,0,2020-08-09,0
Peru,b,0,2020-08-16,0
Peru,b,0,2020-08-23,0
Peru,b,0,2020-08-30,0
Peru,b,0,2020-09-06,0
Peru,b,0,2020-09-13,0
Peru,b,0,2020-09-20,0
Peru,b,0,2020-09-27,0
Peru,b,0,2020-10-04,0
Peru,b,0,2020-10-11,0
Peru,b,0,2020-10-18,0
Peru,b,0,2020-10-25,0
Peru,b,0,2020-11-01,0
Peru,b,0,2020-11-08,0
Peru,b,0,2020-11-15,0
Peru,b,0,2020-11-22,0
Peru,b,0,2020-11-29,0
Peru,b,0,2020-12-06,0
Peru,b,0,2020-12-13,0
Peru,b,0,2020-12-20,0
Peru,b,0,2020-12-27,0
Peru,b,0,2021-01-03,0
Peru,b,0,2021-01-10,0
Peru,b,0,2021-01-17,35.96839851693214
Peru,b,0,2021-01-24,72.24354890371696
Peru,b,0,2021-01-31,72.24354890371696
Peru,b,0,2021-02-07,72.24354890371696
Peru,b,0,2021-02-14,72.24354890371696
Peru,b,0,2021-02-21,72.24354890371696
Peru,b,0,2021-02-28,72.24354890371696
Peru,b,0,2021-03-07,72.24354890371696
Peru,b,0,2021-03-14,72.24354890371696
Peru,b,0,2021-03-21,72.24354890371696
Peru,b,10,2020-03-01,0
Peru,b,10,2020-03-08,0
Peru,b,10,2020-03-15,0
Peru,b,10,2020-03-22,0
Peru,b,10,2020-03-29,0
Peru,b,10,2020-04-05,0
Peru,b,10,2020-04-12,0
Peru,b,10,2020-04-19,8.511271198723263
Peru,b,10,2020-04-26,8.511271198723263
Peru,b,10,2020-05-03,8.511271198723263
Peru,b,10,2020-05-10,8.511271198723263
Peru,b,10,2020-05-17,8.511271198723263
Peru,b,10,2020-05-24,8.511271198723263
Peru,b,10,2020-05-31,8.511271198723263
Peru,b,10,2020-06-07,8.511271198723263
Peru,b,10,2020-06-14,8.511271198723263
Peru,b,10,2020-06-21,8.511271198723263
Peru,b,10,2020-06-28,17.3736940849997
Peru,b,10,2020-07-05,17.3736940849997
Peru,b,10,2020-07-12,17.3736940849997
Peru,b,10,2020-07-19,17.3736940849997
Peru,b,10,2020-07-26,25.36238057007875
Peru,b,10,2020-08-02,25.36238057007875
Peru,b,10,2020-08-09,25.36238057007875
Peru,b,10,2020-08-16,25.36238057007875
Peru,b,10,2020-08-23,25.36238057007875
Peru,b,10,2020-08-30,25.36238057007875
Peru,b,10,2020-09-06,25.36238057007875
Peru,b,10,2020-09-13,25.36238057007875
Peru,b,10,2020-09-20,25.36238057007875
Peru,b,10,2020-09-27,32.78028362373408
Peru,b,10,2020-10-04,32.78028362373408
Peru,b,10,2020-10-11,32.78028362373408
Peru,b,10,2020-10-18,41.854638687186
Peru,b,10,2020-10-25,41.854638687186
Peru,b,10,2020-11-01,41.854638687186
Peru,b,10,2020-11-08,41.854638687186
Peru,b,10,2020-11-15,50.491193929997195
Peru,b,10,2020-11-22,50.491193929997195
Peru,b,10,2020-11-29,50.491193929997195
Peru,b,10,2020-12-06,50.491193929997195
Peru,b,10,2020-12-13,50.491193929997195
Peru,b,10,2020-12-20,59.80301655081438
Peru,b,10,2020-12-27,59.80301655081438
Peru,b,10,2021-01-03,59.80301655081438
Peru,b,10,2021-01-10,59.80301655081438
Peru,b,10,2021-01-17,68.15411069578339
Peru,b,10,2021-01-24,68.15411069578339
Peru,b,10,2021-01-31,68.15411069578339
Peru,b,10,2021-02-07,68.15411069578339
Peru,b,10,2021-02-14,68.15411069578339
Peru,b,10,2021-02-21,68.15411069578339
Peru,b,10,2021-02-28,68.15411069578339
Peru,b,10,2021-03-07,68.15411069578339
Peru,b,10,2021-03-14,68.15411069578339
Peru,b,10,2021-03-21,68.15411069578339
Peru,b,15,2020-03-01,0
Peru,b,15,2020-03-08,0
Peru,b,15,2020-03-15,0
Peru,b,15,2020-03-22,0
Peru,b,15,2020-03-29,0
Peru,b,15,2020-04-05,0
Peru,b,15,2020-04-12,0
Peru,b,15,2020-04-19,0
Peru,b,15,2020-04-26,0
Peru,b,15,2020-05-03,0
Peru,b,15,2020-05-10,0
Peru,b,15,2020-05-17,0
Peru,b,15,2020-05-24,0
Peru,b,15,2020-05-31,0
Peru,b,15,2020-06-07,0
Peru,b,15,2020-06-14,0
Peru,b,15,2020-06-21,0
Peru,b,15,2020-06-28,0
Peru,b,15,2020-07-05,0
Peru,b,15,2020-07-12,0
Peru,b,15,2020-07-19,0
Peru,b,15,2020-07-26,0
Peru,b,15,2020-08-02,0
Peru,b,15,2020-08-09,0
Peru,b,15,2020-08-16,0
Peru,b,15,2020-08-23,0
Peru,b,15,2020-08-30,0
Peru,b,15,2020-09-06,0
Peru,b,15,2020-09-13,11.87882271943467
Peru,b,15,2020-09-20,11.87882271943467
Peru,b,15,2020-09-27,11.87882271943467
Peru,b,15,2020-10-04,11.87882271943467
Peru,b,15,2020-10-11,11.87882271943467
Peru,b,15,2020-10-18,11.87882271943467
Peru,b,15,2020-10-25,24.129081140383974
Peru,b,15,2020-11-01,24.129081140383974
Peru,b,15,2020-11-08,34.5018042042205
Peru,b,15,2020-11-15,34.5018042042205
Peru,b,15,2020-11-22,50.99632425677937
Peru,b,15,2020-11-29,50.99632425677937
Peru,b,15,2020-12-06,50.99632425677937
Peru,b,15,2020-12-13,50.99632425677937
Peru,b,15,2020-12-20,63.73244953228385
Peru,b,15,2020-12-27,78.52856436441965
Peru,b,15,2021-01-03,78.52856436441965
Peru,b,15,2021-01-10,78.52856436441965
Peru,b,15,2021-01-17,78.52856436441965
Peru,b,15,2021-01-24,78.52856436441965
Peru,b,15,2021-01-31,102.62217838132895
Peru,b,15,2021-02-07,114.77480555893439
Peru,b,15,2021-02-14,114.77480555893439
Peru,b,15,2021-02-21,131.04497583938
Peru,b,15,2021-02-28,131.04497583938
Peru,b,15,2021-03-07,147.43204779382413
Peru,b,15,2021-03-14,147.43204779382413
Peru,b,15,2021-03-21,147.43204779382413
Peru,b,20,2020-03-01,0
Peru,b,20,2020-03-08,12.139255689702367
Peru,b,20,2020-03-15,12.139255689702367
Peru,b,20,2020-03-22,12.139255689702367
Peru,b,20,2020-03-29,12.139255689702367
Peru,b,20,2020-04-05,12.139255689702367
Peru,b,20,2020-04-12,12.139255689702367
Peru,b,20,2020-04-19,12.139255689702367
Peru,b,20,2020-04-26,12.139255689702367
Peru,b,20,2020-05-03,12.139255689702367
Peru,b,20,2020-05-10,12.139255689702367
Peru,b,20,2020-05-17,12.139255689702367
Peru,b,20,2020-05-24,12.139255689702367
Peru,b,20,2020-05-31,12.139255689702367
Peru,b,20,2020-06-07,12.139255689702367
Peru,b,20,2020-06-14,12.139255689702367
Peru,b,20,2020-06-21,12.139255689702367
Peru,b,20,2020-06-28,12.139255689702367
Peru,b,20,2020-07-05,12.139255689702367
Peru,b,20,2020-07-12,12.139255689702367
Peru,b,20,2020-07-19,12.139255689702367
Peru,b,20,2020-07-26,12.139255689702367
Peru,b,20,2020-08-02,12.139255689702367
Peru,b,20,2020-08-09,31.02806978393837
Peru,b,20,2020-08-16,31.02806978393837
Peru,b,20,2020-08-23,31.02806978393837
Peru,b,20,2020-08-30,49.01841632522026
Peru,b,20,2020-09-06,49.01841632522026
Peru,b,20,2020-09-13,49.01841632522026
Peru,b,20,2020-09-20,49.01841632522026
Peru,b,20,2020-09-27,49.01841632522026
Peru,b,20,2020-10-04,49.01841632522026
Peru,b,20,2020-10-11,49.01841632522026
Peru,b,20,2020-10-18,49.01841632522026
Peru,b,20,2020-10-25,49.01841632522026
Peru,b,20,2020-11-01,49.01841632522026
Peru,b,20,2020-11-08,49.01841632522026
Peru,b,20,2020-11-15,49.01841632522026
Peru,b,20,2020-11-22,49.01841632522026
Peru,b,20,2020-11-29,49.01841632522026
Peru,b,20,2020-12-06,49.01841632522026
Peru,b,20,2020-12-13,49.01841632522026
Peru,b,20,2020-12-20,49.01841632522026
Peru,b,20,2020-12-27,71.58010859282643
Peru,b,20,2021-01-03,71.58010859282643
Peru,b,20,2021-01-10,71.58010859282643
Peru,b,20,2021-01-17,71.58010859282643
Peru,b,20,2021-01-24,71.58010859282643
Peru,b,20,2021-01-31,71.58010859282643
Peru,b,20,2021-02-07,71.58010859282643
Peru,b,20,2021-02-14,71.58010859282643
Peru,b,20,2021-02-21,92.4083272629223
Peru,b,20,2021-02-28,92.4083272629223
Peru,b,20,2021-03-07,92.4083272629223
Peru,b,20,2021-03-14,92.4083272629223
Peru,b,20,2021-03-21,92.4083272629223
Peru,b,25,2020-03-01,0
Peru,b,25,2020-03-08,0
Peru,b,25,2020-03-15,0
Peru,b,25,2020-03-22,0
Peru,b,25,2020-03-29,0
Peru,b,25,2020-04-05,0
Peru,b,25,2020-04-12,0
Peru,b,25,2020-04-19,0
Peru,b,25,2020-04-26,0
Peru,b,25,2020-05-03,0
Peru,b,25,2020-05-10,0
Peru,b,25,2020-05-17,0
Peru,b,25,2020-05-24,0
Peru,b,25,2020-05-31,21.617156352484898
Peru,b,25,2020-06-07,40.21019263590131
Peru,b,25,2020-06-14,40.21019263590131
Peru,b,25,2020-06-21,59.75496869527395
Peru,b,25,2020-06-28,59.75496869527395
Peru,b,25,2020-07-05,59.75496869527395
Peru,b,25,2020-07-12,77.2272525127542
Peru,b,25,2020-07-19,97.67534537640515
Peru,b,25,2020-07-26,97.67534537640515
Peru,b,25,2020-08-02,97.67534537640515
Peru,b,25,2020-08-09,117.0507869469827
Peru,b,25,2020-08-16,134.40198525258262
Peru,b,25,2020-08-23,134.40198525258262
Peru,b,25,2020-08-30,134.40198525258262
Peru,b,25,2020-09-06,134.40198525258262
Peru,b,25,2020-09-13,134.40198525258262
Peru,b,25,2020-09-20,134.40198525258262
Peru,b,25,2020-09-27,151.60744871916577
Peru,b,25,2020-10-04,151.60744871916577
Peru,b,25,2020-10-11,151.60744871916577
Peru,b,25,2020-10-18,151.60744871916577
Peru,b,25,2020-10-25,151.60744871916577
Peru,b,25,2020-11-01,151.60744871916577
Peru,b,25,2020-11-08,151.60744871916577
Peru,b,25,2020-11-15,151.60744871916577
Peru,b,25,2020-11-22,151.60744871916577
Peru,b,25,2020-11-29,151.60744871916577
Peru,b,25,2020-12-06,151.60744871916577
Peru,b,25,2020-12-13,151.60744871916577
Peru,b,25,2020-12-20,151.60744871916577
Peru,b,25,2020-12-27,151.60744871916577
Peru,b,25,2021-01-03,151.60744871916577
Peru,b,25,2021-01-10,151.60744871916577
Peru,b,25,2021-01-17,151.60744871916577
Peru,b,25,2021-01-24,151.60744871916577
Peru,b,25,2021-01-31,151.60744871916577
Peru,b,25,2021-02-07,151.60744871916577
Peru,b,25,2021-02-14,183.323705007779
Peru,b,25,2021-02-21,217.0153619749242
Peru,b,25,2021-02-28,257.6824063338633
Peru,b,25,2021-03-07,290.3248247907175
Peru,b,25,2021-03-14,324.9426040444628
Peru,b,25,2021-03-21,324.9426040444628
Peru,b,30,2020-03-01,0
Peru,b,30,2020-03-08,0
Peru,b,30,2020-03-15,0
Peru,b,30,2020-03-22,0
Peru,b,30,2020-03-29,0
Peru,b,30,2020-04-05,0
Peru,b,30,2020-04-12,0
Peru,b,30,2020-04-19,0
Peru,b,30,2020-04-26,17.117310640127307
Peru,b,30,2020-05-03,41.23727267360414
Peru,b,30,2020-05-10,41.23727267360414
Peru,b,30,2020-05-17,81.36260003550899
Peru,b,30,2020-05-24,103.4906387565643
Peru,b,30,2020-05-31,123.62140625428684
Peru,b,30,2020-06-07,145.75491866548975
Peru,b,30,2020-06-14,196.89119084917948
Peru,b,30,2020-06-21,239.0302363894479
Peru,b,30,2020-06-28,260.17206759836137
Peru,b,30,2020-07-05,292.3166961051778
Peru,b,30,2020-07-12,315.4641336933256
Peru,b,30,2020-07-19,357.6143921318494
Peru,b,30,2020-07-26,379.76748317542285
Peru,b,30,2020-08-02,397.923418564361
Peru,b,30,2020-08-09,437.0822100246326
Peru,b,30,2020-08-16,477.2438692678734
Peru,b,30,2020-08-23,505.4084079913979
Peru,b,30,2020-08-30,547.5758378782125
Peru,b,30,2020-09-06,579.7461705970277
Peru,b,30,2020-09-13,579.7461705970277
Peru,b,30,2020-09-20,579.7461705970277
Peru,b,30,2020-09-27,579.7461705970277
Peru,b,30,2020-10-04,579.7461705970277
Peru,b,30,2020-10-11,579.7461705970277
Peru,b,30,2020-10-18,579.7461705970277
Peru,b,30,2020-10-25,579.7461705970277
Peru,b,30,2020-11-01,579.7461705970277
Peru,b,30,2020-11-08,579.7461705970277
Peru,b,30,2020-11-15,579.7461705970277
Peru,b,30,2020-11-22,579.7461705970277
Peru,b,30,2020-11-29,579.7461705970277
Peru,b,30,2020-12-06,579.7461705970277
Peru,b,30,2020-12-13,579.7461705970277
Peru,b,30,2020-12-20,579.7461705970277
Peru,b,30,2020-12-27,579.7461705970277
Peru,b,30,2021-01-03,596.9676229804678
Peru,b,30,2021-01-10,596.9676229804678
Peru,b,30,2021-01-17,596.9676229804678
Peru,b,30,2021-01-24,626.1984408635589
Peru,b,30,2021-01-31,675.4324033413385
Peru,b,30,2021-02-07,720.6695217711614
Peru,b,30,2021-02-14,780.9098074963724
Peru,b,30,2021-02-21,839.153271846318
Peru,b,30,2021-02-28,902.3999261363596
Peru,b,30,2021-03-07,966.6497816678851
Peru,b,30,2021-03-14,1030.9028497283216
Peru,b,30,2021-03-21,1030.9028497283216
Peru,b,35,2020-03-01,0
Peru,b,35,2020-03-08,0
Peru,b,35,2020-03-15,0
Peru,b,35,2020-03-22,0
Peru,b,35,2020-03-29,0
Peru,b,35,2020-04-05,0
Peru,b,35,2020-04-12,0
Peru,b,35,2020-04-19,0
Peru,b,35,2020-04-26,19.137957805676493
Peru,b,35,2020-05-03,52.2201027561968
Peru,b,35,2020-05-10,101.24640770331293
Peru,b,35,2020-05-17,135.21684497754944
Peru,b,35,2020-05-24,187.13138638750848
Peru,b,35,2020-05-31,242.99000321917504
Peru,b,35,2020-06-07,304.792666235221
Peru,b,35,2020-06-14,379.5393456743086
Peru,b,35,2020-06-21,450.23001125039383
Peru,b,35,2020-06-28,532.8646321520285
Peru,b,35,2020-07-05,596.4431770007777
Peru,b,35,2020-07-12,646.9656141918638
Peru,b,35,2020-07-19,720.4319121055435
Peru,b,35,2020-07-26,771.8420391071002
Peru,b,35,2020-08-02,839.1959635468389
Peru,b,35,2020-08-09,898.4936537600786
Peru,b,35,2020-08-16,955.7350780671461
Peru,b,35,2020-08-23,1006.9202047733697
Peru,b,35,2020-08-30,1026.0490021690723
Peru,b,35,2020-09-06,1062.1214385295655
Peru,b,35,2020-09-13,1101.1374821151421
Peru,b,35,2020-09-20,1130.0971011710703
Peru,b,35,2020-09-27,1130.0971011710703
Peru,b,35,2020-10-04,1130.0971011710703
Peru,b,35,2020-10-11,1130.0971011710703
Peru,b,35,2020-10-18,1130.0971011710703
Peru,b,35,2020-10-25,1130.0971011710703
Peru,b,35,2020-11-01,1130.0971011710703
Peru,b,35,2020-11-08,1130.0971011710703
Peru,b,35,2020-11-15,1130.0971011710703
Peru,b,35,2020-11-22,1130.0971011710703
Peru,b,35,2020-11-29,1130.0971011710703
Peru,b,35,2020-12-06,1130.0971011710703
Peru,b,35,2020-12-13,1130.0971011710703
Peru,b,35,2020-12-20,1130.0971011710703
Peru,b,35,2020-12-27,1130.0971011710703
Peru,b,35,2021-01-03,1130.0971011710703
Peru,b,35,2021-01-10,1154.1495968235365
Peru,b,35,2021-01-17,1189.1451258107825
Peru,b,35,2021-01-24,1244.0836561065105
Peru,b,35,2021-01-31,1323.965155669274
Peru,b,35,2021-02-07,1390.78959244247
Peru,b,35,2021-02-14,1476.556934354333
Peru,b,35,2021-02-21,1584.267149317928
Peru,b,35,2021-02-28,1688.9202052311452
Peru,b,35,2021-03-07,1789.516069976692
Peru,b,35,2021-03-14,1901.0547114220865
Peru,b,35,2021-03-21,1958.5360974196517
Peru,b,40,2020-03-01,0
Peru,b,40,2020-03-08,0
Peru,b,40,2020-03-15,0
Peru,b,40,2020-03-22,0
Peru,b,40,2020-03-29,0
Peru,b,40,2020-04-05,0
Peru,b,40,2020-04-12,0
Peru,b,40,2020-04-19,47.70542218102846
Peru,b,40,2020-04-26,93.7472654833224
Peru,b,40,2020-05-03,179.09631709559818
Peru,b,40,2020-05-10,272.7204625097158
Peru,b,40,2020-05-17,379.585142863877
Peru,b,40,2020-05-24,504.65382816011964
Peru,b,40,2020-05-31,637.8885015697912
Peru,b,40,2020-06-07,769.2501507383575
Peru,b,40,2020-06-14,903.6992625884241
Peru,b,40,2020-06-21,1019.1963185612552
Peru,b,40,2020-06-28,1140.702287507569
Peru,b,40,2020-07-05,1253.1791114384284
Peru,b,40,2020-07-12,1404.5901846945512
Peru,b,40,2020-07-19,1542.9008246584067
Peru,b,40,2020-07-26,1666.0787263347856
Peru,b,40,2020-08-02,1795.0943984248338
Peru,b,40,2020-08-09,1929.9215762006697
Peru,b,40,2020-08-16,2028.537605823614
Peru,b,40,2020-08-23,2118.9237941121123
Peru,b,40,2020-08-30,2196.065717218074
Peru,b,40,2020-09-06,2276.953481276909
Peru,b,40,2020-09-13,2337.5819279198518
Peru,b,40,2020-09-20,2384.950777634395
Peru,b,40,2020-09-27,2421.064704377155
Peru,b,40,2020-10-04,2421.064704377155
Peru,b,40,2020-10-11,2450.7025418818776
Peru,b,40,2020-10-18,2505.1288000822487
Peru,b,40,2020-10-25,2505.1288000822487
Peru,b,40,2020-11-01,2505.1288000822487
Peru,b,40,2020-11-08,2505.1288000822487
Peru,b,40,2020-11-15,2529.984829477378
Peru,b,40,2020-11-22,2529.984829477378
Peru,b,40,2020-11-29,2529.984829477378
Peru,b,40,2020-12-06,2529.984829477378
Peru,b,40,2020-12-13,2562.858549212679
Peru,b,40,2020-12-20,2590.8402991381813
Peru,b,40,2020-12-27,2590.8402991381813
Peru,b,40,2021-01-03,2639.1604461321303
Peru,b,40,2021-01-10,2674.707672120067
Peru,b,40,2021-01-17,2712.5173281830953
Peru,b,40,2021-01-24,2785.6216336938382
Peru,b,40,2021-01-31,2904.049190355589
Peru,b,40,2021-02-07,3069.824571005648
Peru,b,40,2021-02-14,3273.967988913329
Peru,b,40,2021-02-21,3454.495050848184
Peru,b,40,2021-02-28,3640.416594812558
Peru,b,40,2021-03-07,3828.7386111291526
Peru,b,40,2021-03-14,3998.4622436347076
Peru,b,40,2021-03-21,4112.583866118035
Peru,b,45,2020-03-01,0
Peru,b,45,2020-03-08,0
Peru,b,45,2020-03-15,0
Peru,b,45,2020-03-22,0
Peru,b,45,2020-03-29,0
Peru,b,45,2020-04-05,0
Peru,b,45,2020-04-12,0
Peru,b,45,2020-04-19,41.54141301765266
Peru,b,45,2020-04-26,108.18839889967387
Peru,b,45,2020-05-03,211.94082070419466
Peru,b,45,2020-05-10,347.7985419524961
Peru,b,45,2020-05-17,512.761426626166
Peru,b,45,2020-05-24,694.8293391642698
Peru,b,45,2020-05-31,880.0021444605371
Peru,b,45,2020-06-07,1097.279707860562
Peru,b,45,2020-06-14,1294.661895159018
Peru,b,45,2020-06-21,1475.1485725968887
Peru,b,45,2020-06-28,1664.7396068587109
Peru,b,45,2020-07-05,1834.4348696544278
Peru,b,45,2020-07-12,2010.234237458943
Peru,b,45,2020-07-19,2206.1375867982474
Peru,b,45,2020-07-26,2410.1447942497684
Peru,b,45,2020-08-02,2599.2557364427144
Peru,b,45,2020-08-09,2827.4702900584193
Peru,b,45,2020-08-16,3029.788331830686
Peru,b,45,2020-08-23,3208.2097385461243
Peru,b,45,2020-08-30,3358.734387044495
Peru,b,45,2020-09-06,3475.3621542190417
Peru,b,45,2020-09-13,3554.0929170168306
Peru,b,45,2020-09-20,3609.9265524390817
Peru,b,45,2020-09-27,3647.8629375415035
Peru,b,45,2020-10-04,3695.9019494346217
Peru,b,45,2020-10-11,3733.04346528411
Peru,b,45,2020-10-18,3797.2873623111154
Peru,b,45,2020-10-25,3839.6335177925853
Peru,b,45,2020-11-01,3883.0818090615912
Peru,b,45,2020-11-08,3923.632113507652
Peru,b,45,2020-11-15,3923.632113507652
Peru,b,45,2020-11-22,3968.3860767037622
Peru,b,45,2020-11-29,3996.2416855873585
Peru,b,45,2020-12-06,3996.2416855873585
Peru,b,45,2020-12-13,4026.3002187594448
Peru,b,45,2020-12-20,4071.460030648916
Peru,b,45,2020-12-27,4127.720999049305
Peru,b,45,2021-01-03,4181.08300181311
Peru,b,45,2021-01-10,4244.545916852107
Peru,b,45,2021-01-17,4345.109622137652
Peru,b,45,2021-01-24,4489.773995700985
Peru,b,45,2021-01-31,4681.538915633537
Peru,b,45,2021-02-07,4902.404260087228
Peru,b,45,2021-02-14,5158.369907274769
Peru,b,45,2021-02-21,5423.435735469959
Peru,b,45,2021-02-28,5690.601623007982
Peru,b,45,2021-03-07,5956.867448285706
Peru,b,45,2021-03-14,6219.233089761969
Peru,b,45,2021-03-21,6377.6984259578785
Peru,b,5,2020-03-01,0
Peru,b,5,2020-03-08,0
Peru,b,5,2020-03-15,0
Peru,b,5,2020-03-22,0
Peru,b,5,2020-03-29,0
Peru,b,5,2020-04-05,0
Peru,b,5,2020-04-12,0
Peru,b,5,2020-04-19,0
Peru,b,5,2020-04-26,0
Peru,b,5,2020-05-03,0
Peru,b,5,2020-05-10,0
Peru,b,5,2020-05-17,0
Peru,b,5,2020-05-24,0
Peru,b,5,2020-05-31,0
Peru,b,5,2020-06-07,0
Peru,b,5,2020-06-14,0
Peru,b,5,2020-06-21,0
Peru,b,5,2020-06-28,0
Peru,b,5,2020-07-05,0
Peru,b,5,2020-07-12,0
Peru,b,5,2020-07-19,0
Peru,b,5,2020-07-26,0
Peru,b,5,2020-08-02,0
Peru,b,5,2020-08-09,0
Peru,b,5,2020-08-16,0
Peru,b,5,2020-08-23,0
Peru,b,5,2020-08-30,0
Peru,b,5,2020-09-06,0
Peru,b,5,2020-09-13,0
Peru,b,5,2020-09-20,0
Peru,b,5,2020-09-27,0
Peru,b,5,2020-10-04,0
Peru,b,5,2020-10-11,0
Peru,b,5,2020-10-18,0
Peru,b,5,2020-10-25,0
Peru,b,5,2020-11-01,0
Peru,b,5,2020-11-08,0
Peru,b,5,2020-11-15,0
Peru,b,5,2020-11-22,0
Peru,b,5,2020-11-29,0
Peru,b,5,2020-12-06,0
Peru,b,5,2020-12-13,0
Peru,b,5,2020-12-20,0
Peru,b,5,2020-12-27,9.723212679129354
Peru,b,5,2021-01-03,9.723212679129354
Peru,b,5,2021-01-10,9.723212679129354
Peru,b,5,2021-01-17,9.723212679129354
Peru,b,5,2021-01-24,9.723212679129354
Peru,b,5,2021-01-31,9.723212679129354
Peru,b,5,2021-02-07,9.723212679129354
Peru,b,5,2021-02-14,9.723212679129354
Peru,b,5,2021-02-21,9.723212679129354
Peru,b,5,2021-02-28,9.723212679129354
Peru,b,5,2021-03-07,9.723212679129354
Peru,b,5,2021-03-14,9.723212679129354
Peru,b,5,2021-03-21,9.723212679129354
Peru,b,50,2020-03-01,0
Peru,b,50,2020-03-08,0
Peru,b,50,2020-03-15,0
Peru,b,50,2020-03-22,0
Peru,b,50,2020-03-29,0
Peru,b,50,2020-04-05,0
Peru,b,50,2020-04-12,20.88085124648387
Peru,b,50,2020-04-19,85.62526012117384
Peru,b,50,2020-04-26,185.23308417595086
Peru,b,50,2020-05-03,352.7041815462181
Peru,b,50,2020-05-10,557.0384109527869
Peru,b,50,2020-05-17,773.2356317037672
Peru,b,50,2020-05-24,1072.2957036964606
Peru,b,50,2020-05-31,1336.2184874192567
Peru,b,50,2020-06-07,1656.0038439535347
Peru,b,50,2020-06-14,1944.6516349755648
Peru,b,50,2020-06-21,2224.1617227584175
Peru,b,50,2020-06-28,2460.5339701738726
Peru,b,50,2020-07-05,2738.7682362837036
Peru,b,50,2020-07-12,3026.864375849205
Peru,b,50,2020-07-19,3296.8222434960144
Peru,b,50,2020-07-26,3576.6416937139975
Peru,b,50,2020-08-02,3879.322580857126
Peru,b,50,2020-08-09,4201.86475914336
Peru,b,50,2020-08-16,4476.26808265453
Peru,b,50,2020-08-23,4710.5324053362165
Peru,b,50,2020-08-30,4891.65758099763
Peru,b,50,2020-09-06,5016.643463311495
Peru,b,50,2020-09-13,5121.489905813924
Peru,b,50,2020-09-20,5213.196761904309
Peru,b,50,2020-09-27,5293.76388484519
Peru,b,50,2020-10-04,5345.191127762142
Peru,b,50,2020-10-11,5399.478343643655
Peru,b,50,2020-10-18,5438.625385341011
Peru,b,50,2020-10-25,5438.625385341011
Peru,b,50,2020-11-01,5438.625385341011
Peru,b,50,2020-11-08,5465.351020219732
Peru,b,50,2020-11-15,5465.351020219732
Peru,b,50,2020-11-22,5465.351020219732
Peru,b,50,2020-11-29,5465.351020219732
Peru,b,50,2020-12-06,5465.351020219732
Peru,b,50,2020-12-13,5465.351020219732
Peru,b,50,2020-12-20,5504.229849868921
Peru,b,50,2020-12-27,5572.967026273994
Peru,b,50,2021-01-03,5613.562400769026
Peru,b,50,2021-01-10,5693.015824549437
Peru,b,50,2021-01-17,5819.327148671873
Peru,b,50,2021-01-24,6015.496224054085
Peru,b,50,2021-01-31,6304.522901474807
Peru,b,50,2021-02-07,6620.407031573636
Peru,b,50,2021-02-14,6956.148464850905
Peru,b,50,2021-02-21,7317.74705166757
Peru,b,50,2021-02-28,7708.202642245082
Peru,b,50,2021-03-07,8007.515086665264
Peru,b,50,2021-03-14,8355.684234870196
Peru,b,50,2021-03-21,8539.709936662084
Peru,b,55,2020-03-01,0
Peru,b,55,2020-03-08,0
Peru,b,55,2020-03-15,0
Peru,b,55,2020-03-22,0
Peru,b,55,2020-03-29,0
Peru,b,55,2020-04-05,34.61344533879398
Peru,b,55,2020-04-12,72.16293421525337
Peru,b,55,2020-04-19,152.64850790038867
Peru,b,55,2020-04-26,301.0702069930137
Peru,b,55,2020-05-03,571.4280714203794
Peru,b,55,2020-05-10,881.7221404388083
Peru,b,55,2020-05-17,1227.952452634327
Peru,b,55,2020-05-24,1569.1190459232998
Peru,b,55,2020-05-31,1957.2219575530607
Peru,b,55,2020-06-07,2368.261224102546
Peru,b,55,2020-06-14,2799.2368814829256
Peru,b,55,2020-06-21,3209.148964938235
Peru,b,55,2020-06-28,3567.9975090460066
Peru,b,55,2020-07-05,3906.7825494331005
Peru,b,55,2020-07-12,4297.504123210295
Peru,b,55,2020-07-19,4727.162267474227
Peru,b,55,2020-07-26,5169.757019307399
Peru,b,55,2020-08-02,5579.288415778182
Peru,b,55,2020-08-09,6063.756493940819
Peru,b,55,2020-08-16,6478.161290835432
Peru,b,55,2020-08-23,6813.502843488025
Peru,b,55,2020-08-30,7088.78118891049
Peru,b,55,2020-09-06,7294.996364100608
Peru,b,55,2020-09-13,7479.148406042061
Peru,b,55,2020-09-20,7586.237351704429
Peru,b,55,2020-09-27,7686.263238043198
Peru,b,55,2020-10-04,7766.226101999765
Peru,b,55,2020-10-11,7823.1259805014415
Peru,b,55,2020-10-18,7877.96291046146
Peru,b,55,2020-10-25,7920.736928778974
Peru,b,55,2020-11-01,7960.448072339071
Peru,b,55,2020-11-08,8014.096378012768
Peru,b,55,2020-11-15,8062.681882657019
Peru,b,55,2020-11-22,8062.681882657019
Peru,b,55,2020-11-29,8062.681882657019
Peru,b,55,2020-12-06,8090.079205214126
Peru,b,55,2020-12-13,8090.079205214126
Peru,b,55,2020-12-20,8119.3512570736575
Peru,b,55,2020-12-27,8189.560728750441
Peru,b,55,2021-01-03,8307.70765700313
Peru,b,55,2021-01-10,8453.79207857635
Peru,b,55,2021-01-17,8612.81403020071
Peru,b,55,2021-01-24,8931.7735485928
Peru,b,55,2021-01-31,9365.670670455202
Peru,b,55,2021-02-07,9850.50543247649
Peru,b,55,2021-02-14,10371.277871331233
Peru,b,55,2021-02-21,10883.988023680007
Peru,b,55,2021-02-28,11347.635926169396
Peru,b,55,2021-03-07,11795.221615431992
Peru,b,55,2021-03-14,12236.745128086406
Peru,b,55,2021-03-21,12465.20650073727
Peru,b,60,2020-03-01,0
Peru,b,60,2020-03-08,0
Peru,b,60,2020-03-15,41.11003279563218
Peru,b,60,2020-03-22,41.11003279563218
Peru,b,60,2020-03-29,41.11003279563218
Peru,b,60,2020-04-05,41.11003279563218
Peru,b,60,2020-04-12,67.41161465911037
Peru,b,60,2020-04-19,167.68668183430339
Peru,b,60,2020-04-26,382.9265385867204
Peru,b,60,2020-05-03,728.1337483187608
Peru,b,60,2020-05-10,1142.3223042496236
Peru,b,60,2020-05-17,1586.5176233829848
Peru,b,60,2020-05-24,2089.7563533406174
Peru,b,60,2020-05-31,2566.085985340115
Peru,b,60,2020-06-07,3075.564270985028
Peru,b,60,2020-06-14,3611.2584454762423
Peru,b,60,2020-06-21,4138.244265157299
Peru,b,60,2020-06-28,4585.604872747954
Peru,b,60,2020-07-05,5065.429506718058
Peru,b,60,2020-07-12,5522.812079177144
Peru,b,60,2020-07-19,6021.849655798063
Peru,b,60,2020-07-26,6559.640864763052
Peru,b,60,2020-08-02,7118.284268935169
Peru,b,60,2020-08-09,7638.876736303326
Peru,b,60,2020-08-16,8150.511843730342
Peru,b,60,2020-08-23,8575.27834777525
Peru,b,60,2020-08-30,8937.258753940192
Peru,b,60,2020-09-06,9208.528012250219
Peru,b,60,2020-09-13,9453.152362805517
Peru,b,60,2020-09-20,9641.188350083507
Peru,b,60,2020-09-27,9775.682019566866
Peru,b,60,2020-10-04,9904.668304990835
Peru,b,60,2020-10-11,9970.170609383003
Peru,b,60,2020-10-18,10007.20057832681
Peru,b,60,2020-10-25,10054.758059691736
Peru,b,60,2020-11-01,10097.831240566535
Peru,b,60,2020-11-08,10132.396949383921
Peru,b,60,2020-11-15,10201.421109261786
Peru,b,60,2020-11-22,10201.421109261786
Peru,b,60,2020-11-29,10237.219386643887
Peru,b,60,2020-12-06,10304.314932683266
Peru,b,60,2020-12-13,10375.637069591834
Peru,b,60,2020-12-20,10474.108212675545
Peru,b,60,2020-12-27,10542.644913666396
Peru,b,60,2021-01-03,10666.158955563733
Peru,b,60,2021-01-10,10850.55848867492
Peru,b,60,2021-01-17,11080.74919862364
Peru,b,60,2021-01-24,11469.635497926323
Peru,b,60,2021-01-31,11972.121733251293
Peru,b,60,2021-02-07,12474.113400622855
Peru,b,60,2021-02-14,13145.518360590946
Peru,b,60,2021-02-21,13742.248044759639
Peru,b,60,2021-02-28,14349.21864408482
Peru,b,60,2021-03-07,14939.352268069359
Peru,b,60,2021-03-14,15530.578062484365
Peru,b,60,2021-03-21,15838.833271632699
Peru,b,65,2020-03-01,0
Peru,b,65,2020-03-08,0
Peru,b,65,2020-03-15,0
Peru,b,65,2020-03-22,0
Peru,b,65,2020-03-29,0
Peru,b,65,2020-04-05,0
Peru,b,65,2020-04-12,0
Peru,b,65,2020-04-19,142.33417289873736
Peru,b,65,2020-04-26,403.91587467339286
Peru,b,65,2020-05-03,776.6946656305844
Peru,b,65,2020-05-10,1243.62792450743
Peru,b,65,2020-05-17,1787.6815518708227
Peru,b,65,2020-05-24,2361.8305731675596
Peru,b,65,2020-05-31,2954.0596278089542
Peru,b,65,2020-06-07,3520.363331193995
Peru,b,65,2020-06-14,4093.7464975885464
Peru,b,65,2020-06-21,4664.224213329019
Peru,b,65,2020-06-28,5182.821751925716
Peru,b,65,2020-07-05,5681.574324157807
Peru,b,65,2020-07-12,6209.526668580003
Peru,b,65,2020-07-19,6816.732474801743
Peru,b,65,2020-07-26,7434.253642011981
Peru,b,65,2020-08-02,8035.159385598715
Peru,b,65,2020-08-09,8698.525204778474
Peru,b,65,2020-08-16,9276.431728043128
Peru,b,65,2020-08-23,9755.963456783233
Peru,b,65,2020-08-30,10194.207430491733
Peru,b,65,2020-09-06,10488.2518393411
Peru,b,65,2020-09-13,10732.18461154324
Peru,b,65,2020-09-20,10936.092003664251
Peru,b,65,2020-09-27,11092.05722193891
Peru,b,65,2020-10-04,11218.15910162197
Peru,b,65,2020-10-11,11322.470869579762
Peru,b,65,2020-10-18,11407.059012762236
Peru,b,65,2020-10-25,11501.982272032861
Peru,b,65,2020-11-01,11562.290777227397
Peru,b,65,2020-11-08,11618.025335432789
Peru,b,65,2020-11-15,11709.216880498127
Peru,b,65,2020-11-22,11758.886087877805
Peru,b,65,2020-11-29,11800.043155212466
Peru,b,65,2020-12-06,11862.6877457024
Peru,b,65,2020-12-13,11970.809088416449
Peru,b,65,2020-12-20,12088.3862272708
Peru,b,65,2020-12-27,12204.38840853619
Peru,b,65,2021-01-03,12338.775595387187
Peru,b,65,2021-01-10,12529.49909716304
Peru,b,65,2021-01-17,12837.502300612112
Peru,b,65,2021-01-24,13284.721490368835
Peru,b,65,2021-01-31,13844.086746178964
Peru,b,65,2021-02-07,14453.522904855106
Peru,b,65,2021-02-14,15120.950575518656
Peru,b,65,2021-02-21,15785.287197279598
Peru,b,65,2021-02-28,16454.448129044333
Peru,b,65,2021-03-07,17042.347761558347
Peru,b,65,2021-03-14,17627.90064203517
Peru,b,65,2021-03-21,17981.022601763143
Peru,b,70,2020-03-01,34.66014839015938
Peru,b,70,2020-03-08,34.66014839015938
Peru,b,70,2020-03-15,34.66014839015938
Peru,b,70,2020-03-22,34.66014839015938
Peru,b,70,2020-03-29,34.66014839015938
Peru,b,70,2020-04-05,34.66014839015938
Peru,b,70,2020-04-12,86.30063363252913
Peru,b,70,2020-04-19,177.93204891991496
Peru,b,70,2020-04-26,412.4821796085903
Peru,b,70,2020-05-03,734.8908755984165
Peru,b,70,2020-05-10,1215.1110775524833
Peru,b,70,2020-05-17,1723.1096938045985
Peru,b,70,2020-05-24,2270.868305779938
Peru,b,70,2020-05-31,2862.3836802801106
Peru,b,70,2020-06-07,3425.6680684107605
Peru,b,70,2020-06-14,3985.7492733436375
Peru,b,70,2020-06-21,4568.670472541862
Peru,b,70,2020-06-28,5005.489784514806
Peru,b,70,2020-07-05,5571.2795709450675
Peru,b,70,2020-07-12,6109.1254686960765
Peru,b,70,2020-07-19,6690.125184002599
Peru,b,70,2020-07-26,7220.387055062801
Peru,b,70,2020-08-02,7811.028401709417
Peru,b,70,2020-08-09,8419.173690857018
Peru,b,70,2020-08-16,8983.952552333634
Peru,b,70,2020-08-23,9543.497684637987
Peru,b,70,2020-08-30,9942.94269385624
Peru,b,70,2020-09-06,10260.419911224804
Peru,b,70,2020-09-13,10475.058235516235
Peru,b,70,2020-09-20,10668.981045518281
Peru,b,70,2020-09-27,10805.304225425672
Peru,b,70,2020-10-04,10937.134342109564
Peru,b,70,2020-10-11,11029.567008184009
Peru,b,70,2020-10-18,11100.685458824306
Peru,b,70,2020-10-25,11168.5593637184
Peru,b,70,2020-11-01,11210.243888675941
Peru,b,70,2020-11-08,11273.779014600925
Peru,b,70,2020-11-15,11328.18911504754
Peru,b,70,2020-11-22,11387.482787677978
Peru,b,70,2020-11-29,11387.482787677978
Peru,b,70,2020-12-06,11430.50690199818
Peru,b,70,2020-12-13,11499.34761504249
Peru,b,70,2020-12-20,11591.953389272954
Peru,b,70,2020-12-27,11716.259407878553
Peru,b,70,2021-01-03,11887.18861128618
Peru,b,70,2021-01-10,12126.65286459908
Peru,b,70,2021-01-17,12466.554236079834
Peru,b,70,2021-01-24,12904.786368080224
Peru,b,70,2021-01-31,13442.235923330207
Peru,b,70,2021-02-07,14035.784091066073
Peru,b,70,2021-02-14,14768.30813895117
Peru,b,70,2021-02-21,15412.682997989457
Peru,b,70,2021-02-28,16029.782868546814
Peru,b,70,2021-03-07,16637.482836100273
Peru,b,70,2021-03-14,17209.66048538627
Peru,b,70,2021-03-21,17545.197501203435
Peru,b,75,2020-03-01,0
Peru,b,75,2020-03-08,0
Peru,b,75,2020-03-15,0
Peru,b,75,2020-03-22,0
Peru,b,75,2020-03-29,0
Peru,b,75,2020-04-05,34.00747493624931
Peru,b,75,2020-04-12,69.82477931581701
Peru,b,75,2020-04-19,144.40583668096585
Peru,b,75,2020-04-26,337.71747283364095
Peru,b,75,2020-05-03,627.7400746915521
Peru,b,75,2020-05-10,972.4680688938856
Peru,b,75,2020-05-17,1413.910203459363
Peru,b,75,2020-05-24,1910.0896180802633
Peru,b,75,2020-05-31,2420.0436916993217
Peru,b,75,2020-06-07,2954.8236598385906
Peru,b,75,2020-06-14,3486.493998659914
Peru,b,75,2020-06-21,3974.1315778177177
Peru,b,75,2020-06-28,4440.824589653827
Peru,b,75,2020-07-05,4868.671266200301
Peru,b,75,2020-07-12,5380.778398343699
Peru,b,75,2020-07-19,5886.2596936165955
Peru,b,75,2020-07-26,6390.233998357382
Peru,b,75,2020-08-02,6946.82341535401
Peru,b,75,2020-08-09,7444.151353539329
Peru,b,75,2020-08-16,7946.340548395457
Peru,b,75,2020-08-23,8374.5110926041
Peru,b,75,2020-08-30,8751.778516107197
Peru,b,75,2020-09-06,9059.251953141264
Peru,b,75,2020-09-13,9272.032431065627
Peru,b,75,2020-09-20,9476.211312062933
Peru,b,75,2020-09-27,9617.868914239463
Peru,b,75,2020-10-04,9670.073333516137
Peru,b,75,2020-10-11,9756.879482219758
Peru,b,75,2020-10-18,9804.328354701971
Peru,b,75,2020-10-25,9856.446524861976
Peru,b,75,2020-11-01,9913.245875334644
Peru,b,75,2020-11-08,9979.723553498727
Peru,b,75,2020-11-15,9979.723553498727
Peru,b,75,2020-11-22,10042.49146414675
Peru,b,75,2020-11-29,10129.843488284268
Peru,b,75,2020-12-06,10194.72155706036
Peru,b,75,2020-12-13,10278.05564187616
Peru,b,75,2020-12-20,10415.764798072294
Peru,b,75,2020-12-27,10527.758330559744
Peru,b,75,2021-01-03,10664.937064022359
Peru,b,75,2021-01-10,10872.19470101567
Peru,b,75,2021-01-17,11149.419252113748
Peru,b,75,2021-01-24,11532.49452309313
Peru,b,75,2021-01-31,11990.301644883099
Peru,b,75,2021-02-07,12550.720632566434
Peru,b,75,2021-02-14,13133.631960017212
Peru,b,75,2021-02-21,13745.918136770977
Peru,b,75,2021-02-28,14304.465273422406
Peru,b,75,2021-03-07,14896.164621249212
Peru,b,75,2021-03-14,15413.914070908044
Peru,b,75,2021-03-21,15659.619594004687
Peru,b,80,2020-03-01,0
Peru,b,80,2020-03-08,0
Peru,b,80,2020-03-15,0
Peru,b,80,2020-03-22,56.30244504645981
Peru,b,80,2020-03-29,56.30244504645981
Peru,b,80,2020-04-05,56.30244504645981
Peru,b,80,2020-04-12,122.25832140233376
Peru,b,80,2020-04-19,201.22686372324137
Peru,b,80,2020-04-26,344.1376406895582
Peru,b,80,2020-05-03,544.9417196603767
Peru,b,80,2020-05-10,864.6127981848581
Peru,b,80,2020-05-17,1239.1480384108343
Peru,b,80,2020-05-24,1625.5685693420992
Peru,b,80,2020-05-31,2044.919625647513
Peru,b,80,2020-06-07,2498.270297285578
Peru,b,80,2020-06-14,2915.712871544874
Peru,b,80,2020-06-21,3320.3617580662467
Peru,b,80,2020-06-28,3738.351997742101
Peru,b,80,2020-07-05,4121.837377010109
Peru,b,80,2020-07-12,4560.988145606448
Peru,b,80,2020-07-19,4964.988384536431
Peru,b,80,2020-07-26,5448.033090065861
Peru,b,80,2020-08-02,5906.325017863258
Peru,b,80,2020-08-09,6362.071352629577
Peru,b,80,2020-08-16,6762.480274643991
Peru,b,80,2020-08-23,7157.75749822242
Peru,b,80,2020-08-30,7487.102857932529
Peru,b,80,2020-09-06,7681.707016496556
Peru,b,80,2020-09-13,7865.748363763856
Peru,b,80,2020-09-20,8009.3901692220115
Peru,b,80,2020-09-27,8097.778041640728
Peru,b,80,2020-10-04,8144.037739106141
Peru,b,80,2020-10-11,8212.273361463414
Peru,b,80,2020-10-18,8261.565945620096
Peru,b,80,2020-10-25,8315.972472828573
Peru,b,80,2020-11-01,8388.525286463773
Peru,b,80,2020-11-08,8388.525286463773
Peru,b,80,2020-11-15,8388.525286463773
Peru,b,80,2020-11-22,8444.464159387035
Peru,b,80,2020-11-29,8444.464159387035
Peru,b,80,2020-12-06,8497.379016350815
Peru,b,80,2020-12-13,8552.131709744435
Peru,b,80,2020-12-20,8622.596340150953
Peru,b,80,2020-12-27,8694.629923053355
Peru,b,80,2021-01-03,8815.074398657125
Peru,b,80,2021-01-10,8955.758776037346
Peru,b,80,2021-01-17,9170.501386899978
Peru,b,80,2021-01-24,9537.112227189004
Peru,b,80,2021-01-31,9957.395367424848
Peru,b,80,2021-02-07,10375.151414805838
Peru,b,80,2021-02-14,10818.18001156993
Peru,b,80,2021-02-21,11288.282354775698
Peru,b,80,2021-02-28,11741.263722451375
Peru,b,80,2021-03-07,12218.9359899664
Peru,b,80,2021-03-14,12705.120118547078
Peru,b,80,2021-03-21,12855.648595189426
Peru,b,85,2020-03-01,0
Peru,b,85,2020-03-08,0
Peru,b,85,2020-03-15,45.4358453250743
Peru,b,85,2020-03-22,45.4358453250743
Peru,b,85,2020-03-29,45.4358453250743
Peru,b,85,2020-04-05,87.35424707396874
Peru,b,85,2020-04-12,87.35424707396874
Peru,b,85,2020-04-19,173.1866269508979
Peru,b,85,2020-04-26,261.28764109630737
Peru,b,85,2020-05-03,421.5513240207
Peru,b,85,2020-05-10,602.8885957428606
Peru,b,85,2020-05-17,852.2288097106141
Peru,b,85,2020-05-24,1127.5210973924102
Peru,b,85,2020-05-31,1456.7354755252777
Peru,b,85,2020-06-07,1729.8636823435697
Peru,b,85,2020-06-14,2056.919710811062
Peru,b,85,2020-06-21,2395.9400100847974
Peru,b,85,2020-06-28,2661.983331227029
Peru,b,85,2020-07-05,2958.1301918641248
Peru,b,85,2020-07-12,3263.4819646547967
Peru,b,85,2020-07-19,3593.159589832412
Peru,b,85,2020-07-26,3914.3019057011034
Peru,b,85,2020-08-02,4249.063624172162
Peru,b,85,2020-08-09,4616.612981687213
Peru,b,85,2020-08-16,4978.129106041244
Peru,b,85,2020-08-23,5234.799148848431
Peru,b,85,2020-08-30,5512.81524120691
Peru,b,85,2020-09-06,5684.371336097629
Peru,b,85,2020-09-13,5830.660004873271
Peru,b,85,2020-09-20,5908.86925665003
Peru,b,85,2020-09-27,5961.179448435551
Peru,b,85,2020-10-04,5961.179448435551
Peru,b,85,2020-10-11,6013.187523758274
Peru,b,85,2020-10-18,6013.187523758274
Peru,b,85,2020-10-25,6013.187523758274
Peru,b,85,2020-11-01,6013.187523758274
Peru,b,85,2020-11-08,6013.187523758274
Peru,b,85,2020-11-15,6013.187523758274
Peru,b,85,2020-11-22,6013.187523758274
Peru,b,85,2020-11-29,6013.187523758274
Peru,b,85,2020-12-06,6013.187523758274
Peru,b,85,2020-12-13,6013.187523758274
Peru,b,85,2020-12-20,6068.826648765254
Peru,b,85,2020-12-27,6068.826648765254
Peru,b,85,2021-01-03,6128.998605843697
Peru,b,85,2021-01-10,6214.7756917741535
Peru,b,85,2021-01-17,6379.027585422194
Peru,b,85,2021-01-24,6591.609125189067
Peru,b,85,2021-01-31,6938.3622893995425
Peru,b,85,2021-02-07,7252.118293906351
Peru,b,85,2021-02-14,7568.699785170007
Peru,b,85,2021-02-21,7974.9231093254
Peru,b,85,2021-02-28,8255.600639628068
Peru,b,85,2021-03-07,8600.543146016555
Peru,b,85,2021-03-14,8943.562191209756
Peru,b,85,2021-03-21,9035.472537704887
Peru,b,90,2020-03-01,0
Peru,b,90,2020-03-08,37.181048796631586
Peru,b,90,2020-03-15,68.82349928488608
Peru,b,90,2020-03-22,68.82349928488608
Peru,b,90,2020-03-29,68.82349928488608
Peru,b,90,2020-04-05,68.82349928488608
Peru,b,90,2020-04-12,68.82349928488608
Peru,b,90,2020-04-19,100.18639169057906
Peru,b,90,2020-04-26,134.40015555234328
Peru,b,90,2020-05-03,235.3813092489705
Peru,b,90,2020-05-10,345.05503965774795
Peru,b,90,2020-05-17,488.35636586296584
Peru,b,90,2020-05-24,656.231207330975
Peru,b,90,2020-05-31,812.6373363685132
Peru,b,90,2020-06-07,991.5451940037929
Peru,b,90,2020-06-14,1149.9385483442218
Peru,b,90,2020-06-21,1257.8149751008825
Peru,b,90,2020-06-28,1400.1861414322311
Peru,b,90,2020-07-05,1521.077868312095
Peru,b,90,2020-07-12,1666.5299796929992
Peru,b,90,2020-07-19,1845.595922233095
Peru,b,90,2020-07-26,2001.3421347738156
Peru,b,90,2020-08-02,2194.847179779041
Peru,b,90,2020-08-09,2393.200644339454
Peru,b,90,2020-08-16,2563.501824657408
Peru,b,90,2020-08-23,2690.8582141920688
Peru,b,90,2020-08-30,2812.383821573181
Peru,b,90,2020-09-06,2891.197349698241
Peru,b,90,2020-09-13,2953.420271846408
Peru,b,90,2020-09-20,3017.1748439477333
Peru,b,90,2020-09-27,3017.1748439477333
Peru,b,90,2020-10-04,3017.1748439477333
Peru,b,90,2020-10-11,3017.1748439477333
Peru,b,90,2020-10-18,3017.1748439477333
Peru,b,90,2020-10-25,3017.1748439477333
Peru,b,90,2020-11-01,3017.1748439477333
Peru,b,90,2020-11-08,3017.1748439477333
Peru,b,90,2020-11-15,3017.1748439477333
Peru,b,90,2020-11-22,3017.1748439477333
Peru,b,90,2020-11-29,3017.1748439477333
Peru,b,90,2020-12-06,3017.1748439477333
Peru,b,90,2020-12-13,3017.1748439477333
Peru,b,90,2020-12-20,3017.1748439477333
Peru,b,90,2020-12-27,3017.1748439477333
Peru,b,90,2021-01-03,3017.1748439477333
Peru,b,90,2021-01-10,3077.064139107847
Peru,b,90,2021-01-17,3147.183330262495
Peru,b,90,2021-01-24,3250.455828537308
Peru,b,90,2021-01-31,3406.7943190338474
Peru,b,90,2021-02-07,3580.1019519369324
Peru,b,90,2021-02-14,3785.2736317362505
Peru,b,90,2021-02-21,3984.197389334305
Peru,b,90,2021-02-28,4130.75582294841
Peru,b,90,2021-03-07,4355.827594751984
Peru,b,90,2021-03-14,4529.2889710233285
Peru,b,90,2021-03-21,4529.2889710233285
Peru,b,95,2020-03-01,24.45353176650518
Peru,b,95,2020-03-08,24.45353176650518
Peru,b,95,2020-03-15,24.45353176650518
Peru,b,95,2020-03-22,24.45353176650518
Peru,b,95,2020-03-29,24.45353176650518
Peru,b,95,2020-04-05,24.45353176650518
Peru,b,95,2020-04-12,24.45353176650518
Peru,b,95,2020-04-19,24.45353176650518
Peru,b,95,2020-04-26,24.45353176650518
Peru,b,95,2020-05-03,24.45353176650518
Peru,b,95,2020-05-10,24.45353176650518
Peru,b,95,2020-05-17,51.04457621081511
Peru,b,95,2020-05-24,98.37593144141933
Peru,b,95,2020-05-31,153.44737408305147
Peru,b,95,2020-06-07,193.25859820726424
Peru,b,95,2020-06-14,243.8092141668825
Peru,b,95,2020-06-21,301.0987474202198
Peru,b,95,2020-06-28,345.12663734498807
Peru,b,95,2020-07-05,410.8922562871145
Peru,b,95,2020-07-12,466.3949667080276
Peru,b,95,2020-07-19,532.6341298129358
Peru,b,95,2020-07-26,609.6091055498216
Peru,b,95,2020-08-02,682.319252608444
Peru,b,95,2020-08-09,752.7639284193508
Peru,b,95,2020-08-16,835.9424891528962
Peru,b,95,2020-08-23,912.8542897182708
Peru,b,95,2020-08-30,980.4986837625365
Peru,b,95,2020-09-06,1006.8750236696728
Peru,b,95,2020-09-13,1039.98266055963
Peru,b,95,2020-09-20,1067.820944287392
Peru,b,95,2020-09-27,1067.820944287392
Peru,b,95,2020-10-04,1067.820944287392
Peru,b,95,2020-10-11,1067.820944287392
Peru,b,95,2020-10-18,1067.820944287392
Peru,b,95,2020-10-25,1067.820944287392
Peru,b,95,2020-11-01,1067.820944287392
Peru,b,95,2020-11-08,1067.820944287392
Peru,b,95,2020-11-15,1067.820944287392
Peru,b,95,2020-11-22,1067.820944287392
Peru,b,95,2020-11-29,1067.820944287392
Peru,b,95,2020-12-06,1067.820944287392
Peru,b,95,2020-12-13,1067.820944287392
Peru,b,95,2020-12-20,1067.820944287392
Peru,b,95,2020-12-27,1067.820944287392
Peru,b,95,2021-01-03,1096.540050239709
Peru,b,95,2021-01-10,1096.540050239709
Peru,b,95,2021-01-17,1132.6986279127864
Peru,b,95,2021-01-24,1175.575932489987
Peru,b,95,2021-01-31,1225.171289626045
Peru,b,95,2021-02-07,1268.484023693938
Peru,b,95,2021-02-14,1347.513457784151
Peru,b,95,2021-02-21,1423.2589137039515
Peru,b,95,2021-02-28,1474.719711976675
Peru,b,95,2021-03-07,1525.8951718410208
Peru,b,95,2021-03-14,1566.7846112503582
Peru,b,95,2021-03-21,1566.7846112503582
